[
  {
    "country": "United States",
    "states": [
      "AA",
      "AE",
      "AP",
      "Alabama",
      "Alaska",
      "Arizona",
      "Arkansas",
      "California",
      "Colorado",
      "Connecticut",
      "Delaware",
      "District of Columbia",
      "Florida",
      "Georgia",
      "Hawaii",
      "Idaho",
      "Illinois",
      "Indiana",
      "Iowa",
      "Kansas",
      "Kentucky",
      "Louisiana",
      "Maine",
      "Maryland",
      "Massachusetts",
      "Michigan",
      "Minnesota",
      "Mississippi",
      "Missouri",
      "Montana",
      "Nebraska",
      "Nevada",
      "New Hampshire",
      "New Jersey",
      "New Mexico",
      "New York",
      "North Carolina",
      "North Dakota",
      "Ohio",
      "Oklahoma",
      "Oregon",
      "Pennsylvania",
      "Rhode Island",
      "South Carolina",
      "South Dakota",
      "Tennessee",
      "Texas",
      "Utah",
      "Vermont",
      "Virginia",
      "Washington",
      "West Virginia",
      "Wisconsin",
      "Wyoming"
    ]
  },
  {
    "country": "Canada",
    "states": [
      "Alberta",
      "British Columbia",
      "Manitoba",
      "New Brunswick",
      "Newfoundland and Labrador",
      "Northwest Territories",
      "Nova Scotia",
      "Nunavut",
      "Ontario",
      "Prince Edward Island",
      "Quebec",
      "Saskatchewan",
      "Yukon"
    ]
  },
  {
    "country": "Andorra",
    "states": [
      "Andorra la Vella",
      "Canillo",
      "Encamp",
      "La Massana",
      "Les Escaldes",
      "Ordino",
      "Sant Julia de Loria"
    ]
  },
  {
    "country": "United Arab Emirates",
    "states": [
      "Abu Zabi",
      "Ajman",
      "Dubai",
      "Ras al-Khaymah",
      "Sharjah",
      "Sharjha",
      "Umm al Qaywayn",
      "al-Fujayrah",
      "ash-Shariqah"
    ]
  },
  {
    "country": "Afghanistan",
    "states": [
      "Badakhshan",
      "Badgis",
      "Baglan",
      "Balkh",
      "Bamiyan",
      "Farah",
      "Faryab",
      "Gawr",
      "Gazni",
      "Herat",
      "Hilmand",
      "Jawzjan",
      "Kabul",
      "Kapisa",
      "Khawst",
      "Kunar",
      "Lagman",
      "Lawghar",
      "Nangarhar",
      "Nimruz",
      "Nuristan",
      "Paktika",
      "Paktiya",
      "Parwan",
      "Qandahar",
      "Qunduz",
      "Samangan",
      "Sar-e Pul",
      "Takhar",
      "Uruzgan",
      "Wardag",
      "Zabul"
    ]
  },
  {
    "country": "Antigua and Barbuda",
    "states": [
      "Barbuda",
      "Saint George",
      "Saint John",
      "Saint Mary",
      "Saint Paul",
      "Saint Peter",
      "Saint Philip"
    ]
  },
  {
    "country": "Anguilla",
    "states": ["Other Provinces"]
  },
  {
    "country": "Albania",
    "states": [
      "Berat",
      "Bulqize",
      "Delvine",
      "Devoll",
      "Dibre",
      "Durres",
      "Elbasan",
      "Fier",
      "Gjirokaster",
      "Gramsh",
      "Has",
      "Kavaje",
      "Kolonje",
      "Korce",
      "Kruje",
      "Kucove",
      "Kukes",
      "Kurbin",
      "Lezhe",
      "Librazhd",
      "Lushnje",
      "Mallakaster",
      "Malsi e Madhe",
      "Mat",
      "Mirdite",
      "Peqin",
      "Permet",
      "Pogradec",
      "Puke",
      "Sarande",
      "Shkoder",
      "Skrapar",
      "Tepelene",
      "Tirane",
      "Tropoje",
      "Vlore"
    ]
  },
  {
    "country": "Armenia",
    "states": [
      "Aragatsotn",
      "Ararat",
      "Armavir",
      "Gegharkunik",
      "Kotaik",
      "Lori",
      "Shirak",
      "Stepanakert",
      "Syunik",
      "Tavush",
      "Vayots Dzor",
      "Yerevan"
    ]
  },
  {
    "country": "Angola",
    "states": [
      "Bengo",
      "Benguela",
      "Bie",
      "Cabinda",
      "Cunene",
      "Huambo",
      "Huila",
      "Kuando-Kubango",
      "Kwanza Norte",
      "Kwanza Sul",
      "Luanda",
      "Lunda Norte",
      "Lunda Sul",
      "Malanje",
      "Moxico",
      "Namibe",
      "Uige",
      "Zaire"
    ]
  },
  {
    "country": "Antarctica",
    "states": [
      "Sector claimed by Argentina/Ch",
      "Sector claimed by Argentina/UK",
      "Sector claimed by Australia",
      "Sector claimed by France",
      "Sector claimed by New Zealand",
      "Sector claimed by Norway",
      "Unclaimed Sector"
    ]
  },
  {
    "country": "Argentina",
    "states": [
      "Buenos Aires",
      "Catamarca",
      "Chaco",
      "Chubut",
      "Cordoba",
      "Corrientes",
      "Distrito Federal",
      "Entre Rios",
      "Formosa",
      "Jujuy",
      "La Pampa",
      "La Rioja",
      "Mendoza",
      "Misiones",
      "Neuquen",
      "Rio Negro",
      "Salta",
      "San Juan",
      "San Luis",
      "Santa Cruz",
      "Santa Fe",
      "Santiago del Estero",
      "Tierra del Fuego",
      "Tucuman"
    ]
  },
  {
    "country": "American Samoa",
    "states": ["Eastern", "Manu''a", "Swains Island", "Western"]
  },
  {
    "country": "Austria",
    "states": [
      "Bundesland Salzburg",
      "Bundesland Steiermark",
      "Bundesland Tirol",
      "Burgenland",
      "Carinthia",
      "Karnten",
      "Liezen",
      "Lower Austria",
      "Niederosterreich",
      "Oberosterreich",
      "Salzburg",
      "Schleswig-Holstein",
      "Steiermark",
      "Styria",
      "Tirol",
      "Upper Austria",
      "Vorarlberg",
      "Wien"
    ]
  },
  {
    "country": "Australia",
    "states": [
      "Australian Capital Territory",
      "New South Wales",
      "Northern Territory",
      "Queensland",
      "South Australia",
      "Tasmania",
      "Victoria",
      "Western Australia"
    ]
  },
  {
    "country": "Aruba",
    "states": ["Aruba"]
  },
  {
    "country": "Åland",
    "states": []
  },
  {
    "country": "Azerbaijan",
    "states": [
      "Abseron",
      "Baki Sahari",
      "Ganca",
      "Ganja",
      "Kalbacar",
      "Lankaran",
      "Mil-Qarabax",
      "Mugan-Salyan",
      "Nagorni-Qarabax",
      "Naxcivan",
      "Priaraks",
      "Qazax",
      "Saki",
      "Sirvan",
      "Xacmaz"
    ]
  },
  {
    "country": "Bosnia and Herzegovina",
    "states": ["Federacija Bosna i Hercegovina", "Republika Srpska"]
  },
  {
    "country": "Barbados",
    "states": [
      "Christ Church",
      "Saint Andrew",
      "Saint George",
      "Saint James",
      "Saint John",
      "Saint Joseph",
      "Saint Lucy",
      "Saint Michael",
      "Saint Peter",
      "Saint Philip",
      "Saint Thomas"
    ]
  },
  {
    "country": "Bangladesh",
    "states": [
      "Bagar Hat",
      "Bandarban",
      "Barguna",
      "Barisal",
      "Bhola",
      "Bogora",
      "Brahman Bariya",
      "Chandpur",
      "Chattagam",
      "Chittagong Division",
      "Chuadanga",
      "Dhaka",
      "Dinajpur",
      "Faridpur",
      "Feni",
      "Gaybanda",
      "Gazipur",
      "Gopalganj",
      "Habiganj",
      "Jaipur Hat",
      "Jamalpur",
      "Jessor",
      "Jhalakati",
      "Jhanaydah",
      "Khagrachhari",
      "Khulna",
      "Kishorganj",
      "Koks Bazar",
      "Komilla",
      "Kurigram",
      "Kushtiya",
      "Lakshmipur",
      "Lalmanir Hat",
      "Madaripur",
      "Magura",
      "Maimansingh",
      "Manikganj",
      "Maulvi Bazar",
      "Meherpur",
      "Munshiganj",
      "Naral",
      "Narayanganj",
      "Narsingdi",
      "Nator",
      "Naugaon",
      "Nawabganj",
      "Netrakona",
      "Nilphamari",
      "Noakhali",
      "Pabna",
      "Panchagarh",
      "Patuakhali",
      "Pirojpur",
      "Rajbari",
      "Rajshahi",
      "Rangamati",
      "Rangpur",
      "Satkhira",
      "Shariatpur",
      "Sherpur",
      "Silhat",
      "Sirajganj",
      "Sunamganj",
      "Tangayal",
      "Thakurgaon"
    ]
  },
  {
    "country": "Belgium",
    "states": [
      "Antwerpen",
      "Berchem",
      "Brabant",
      "Brabant Wallon",
      "Brussel",
      "East Flanders",
      "Hainaut",
      "Liege",
      "Limburg",
      "Luxembourg",
      "Namur",
      "Ontario",
      "Oost-Vlaanderen",
      "Provincie Brabant",
      "Vlaams-Brabant",
      "Wallonne",
      "West-Vlaanderen"
    ]
  },
  {
    "country": "Burkina Faso",
    "states": [
      "Bale",
      "Bam",
      "Bazega",
      "Bougouriba",
      "Boulgou",
      "Boulkiemde",
      "Comoe",
      "Ganzourgou",
      "Gnagna",
      "Gourma",
      "Houet",
      "Ioba",
      "Kadiogo",
      "Kenedougou",
      "Komandjari",
      "Kompienga",
      "Kossi",
      "Kouritenga",
      "Kourweogo",
      "Leraba",
      "Mouhoun",
      "Nahouri",
      "Namentenga",
      "Noumbiel",
      "Oubritenga",
      "Oudalan",
      "Passore",
      "Poni",
      "Sanguie",
      "Sanmatenga",
      "Seno",
      "Sissili",
      "Soum",
      "Sourou",
      "Tapoa",
      "Tuy",
      "Yatenga",
      "Zondoma",
      "Zoundweogo"
    ]
  },
  {
    "country": "Bulgaria",
    "states": [
      "Blagoevgrad",
      "Burgas",
      "Dobrich",
      "Gabrovo",
      "Haskovo",
      "Jambol",
      "Kardzhali",
      "Kjustendil",
      "Lovech",
      "Montana",
      "Oblast Sofiya-Grad",
      "Pazardzhik",
      "Pernik",
      "Pleven",
      "Plovdiv",
      "Razgrad",
      "Ruse",
      "Shumen",
      "Silistra",
      "Sliven",
      "Smoljan",
      "Sofija grad",
      "Sofijska oblast",
      "Stara Zagora",
      "Targovishte",
      "Varna",
      "Veliko Tarnovo",
      "Vidin",
      "Vraca",
      "Yablaniza"
    ]
  },
  {
    "country": "Bahrain",
    "states": [
      "Isa",
      "Badiyah",
      "Hidd",
      "Jidd Hafs",
      "Mahama",
      "Manama",
      "Sitrah",
      "al-Manamah",
      "al-Muharraq",
      "ar-Rifa''a"
    ]
  },
  {
    "country": "Burundi",
    "states": [
      "Bubanza",
      "Bujumbura",
      "Bururi",
      "Cankuzo",
      "Cibitoke",
      "Gitega",
      "Karuzi",
      "Kayanza",
      "Kirundo",
      "Makamba",
      "Muramvya",
      "Muyinga",
      "Ngozi",
      "Rutana",
      "Ruyigi"
    ]
  },
  {
    "country": "Benin",
    "states": [
      "Alibori",
      "Atacora",
      "Atlantique",
      "Borgou",
      "Collines",
      "Couffo",
      "Donga",
      "Littoral",
      "Mono",
      "Oueme",
      "Plateau",
      "Zou"
    ]
  },
  {
    "country": "Saint Barthélemy",
    "states": []
  },
  {
    "country": "Bermuda",
    "states": ["Hamilton", "Saint George"]
  },
  {
    "country": "Brunei",
    "states": ["Belait", "Brunei-Muara", "Temburong", "Tutong"]
  },
  {
    "country": "Bolivia",
    "states": [
      "Beni",
      "Chuquisaca",
      "Cochabamba",
      "La Paz",
      "Oruro",
      "Pando",
      "Potosi",
      "Santa Cruz",
      "Tarija"
    ]
  },
  {
    "country": "Bonaire",
    "states": []
  },
  {
    "country": "Brazil",
    "states": [
      "Acre",
      "Alagoas",
      "Amapa",
      "Amazonas",
      "Bahia",
      "Ceara",
      "Distrito Federal",
      "Espirito Santo",
      "Estado de Sao Paulo",
      "Goias",
      "Maranhao",
      "Mato Grosso",
      "Mato Grosso do Sul",
      "Minas Gerais",
      "Para",
      "Paraiba",
      "Parana",
      "Pernambuco",
      "Piaui",
      "Rio Grande do Norte",
      "Rio Grande do Sul",
      "Rio de Janeiro",
      "Rondonia",
      "Roraima",
      "Santa Catarina",
      "Sao Paulo",
      "Sergipe",
      "Tocantins"
    ]
  },
  {
    "country": "Bahamas",
    "states": [
      "Abaco",
      "Acklins Island",
      "Andros",
      "Berry Islands",
      "Biminis",
      "Cat Island",
      "Crooked Island",
      "Eleuthera",
      "Exuma and Cays",
      "Grand Bahama",
      "Inagua Islands",
      "Long Island",
      "Mayaguana",
      "New Providence",
      "Ragged Island",
      "Rum Cay",
      "San Salvador"
    ]
  },
  {
    "country": "Bhutan",
    "states": [
      "Bumthang",
      "Chhukha",
      "Chirang",
      "Daga",
      "Geylegphug",
      "Ha",
      "Lhuntshi",
      "Mongar",
      "Pemagatsel",
      "Punakha",
      "Rinpung",
      "Samchi",
      "Samdrup Jongkhar",
      "Shemgang",
      "Tashigang",
      "Timphu",
      "Tongsa",
      "Wangdiphodrang"
    ]
  },
  {
    "country": "Bouvet Island",
    "states": ["Bouvet Island"]
  },
  {
    "country": "Botswana",
    "states": [
      "Central Bobonong",
      "Central Boteti",
      "Central Mahalapye",
      "Central Serowe-Palapye",
      "Central Tutume",
      "Chobe",
      "Francistown",
      "Gaborone",
      "Ghanzi",
      "Jwaneng",
      "Kgalagadi North",
      "Kgalagadi South",
      "Kgatleng",
      "Kweneng",
      "Lobatse",
      "Ngamiland",
      "Ngwaketse",
      "North East",
      "Okavango",
      "Orapa",
      "Selibe Phikwe",
      "South East",
      "Sowa"
    ]
  },
  {
    "country": "Belarus",
    "states": [
      "Brest",
      "Homjel",
      "Hrodna",
      "Mahiljow",
      "Mahilyowskaya Voblasts",
      "Minsk",
      "Minskaja Voblasts",
      "Petrik",
      "Vicebsk"
    ]
  },
  {
    "country": "Belize",
    "states": [
      "Belize",
      "Cayo",
      "Corozal",
      "Orange Walk",
      "Stann Creek",
      "Toledo"
    ]
  },
  {
    "country": "Cocos [Keeling] Islands",
    "states": ["Cocos (Keeling) Islands"]
  },
  {
    "country": "Democratic Republic of the Congo",
    "states": [
      "Bandundu",
      "Bas-Congo",
      "Equateur",
      "Haut-Congo",
      "Kasai-Occidental",
      "Kasai-Oriental",
      "Katanga",
      "Kinshasa",
      "Maniema",
      "Nord-Kivu",
      "Sud-Kivu"
    ]
  },
  {
    "country": "Central African Republic",
    "states": [
      "Bamingui-Bangoran",
      "Bangui",
      "Basse-Kotto",
      "Haut-Mbomou",
      "Haute-Kotto",
      "Kemo",
      "Lobaye",
      "Mambere-Kadei",
      "Mbomou",
      "Nana-Gribizi",
      "Nana-Mambere",
      "Ombella Mpoko",
      "Ouaka",
      "Ouham",
      "Ouham-Pende",
      "Sangha-Mbaere",
      "Vakaga"
    ]
  },
  {
    "country": "Republic of the Congo",
    "states": [
      "Bouenza",
      "Brazzaville",
      "Cuvette",
      "Kouilou",
      "Lekoumou",
      "Likouala",
      "Niari",
      "Plateaux",
      "Pool",
      "Sangha"
    ]
  },
  {
    "country": "Switzerland",
    "states": [
      "Aargau",
      "Appenzell Inner-Rhoden",
      "Appenzell-Ausser Rhoden",
      "Basel-Landschaft",
      "Basel-Stadt",
      "Bern",
      "Canton Ticino",
      "Fribourg",
      "Geneve",
      "Glarus",
      "Graubunden",
      "Heerbrugg",
      "Jura",
      "Kanton Aargau",
      "Luzern",
      "Morbio Inferiore",
      "Muhen",
      "Neuchatel",
      "Nidwalden",
      "Obwalden",
      "Sankt Gallen",
      "Schaffhausen",
      "Schwyz",
      "Solothurn",
      "Thurgau",
      "Ticino",
      "Uri",
      "Valais",
      "Vaud",
      "Vauffelin",
      "Zug",
      "Zurich"
    ]
  },
  {
    "country": "Ivory Coast",
    "states": [
      "Abidjan",
      "Agneby",
      "Bafing",
      "Denguele",
      "Dix-huit Montagnes",
      "Fromager",
      "Haut-Sassandra",
      "Lacs",
      "Lagunes",
      "Marahoue",
      "Moyen-Cavally",
      "Moyen-Comoe",
      "N''zi-Comoe",
      "Sassandra",
      "Savanes",
      "Sud-Bandama",
      "Sud-Comoe",
      "Vallee du Bandama",
      "Worodougou",
      "Zanzan"
    ]
  },
  {
    "country": "Cook Islands",
    "states": [
      "Aitutaki",
      "Atiu",
      "Mangaia",
      "Manihiki",
      "Mauke",
      "Mitiaro",
      "Nassau",
      "Pukapuka",
      "Rakahanga",
      "Rarotonga",
      "Tongareva"
    ]
  },
  {
    "country": "Chile",
    "states": [
      "Aisen",
      "Antofagasta",
      "Araucania",
      "Atacama",
      "Bio Bio",
      "Coquimbo",
      "Libertador General Bernardo O",
      "Los Lagos",
      "Magellanes",
      "Maule",
      "Metropolitana",
      "Metropolitana de Santiago",
      "Tarapaca",
      "Valparaiso"
    ]
  },
  {
    "country": "Cameroon",
    "states": [
      "Adamaoua",
      "Centre",
      "Est",
      "Littoral",
      "Nord",
      "Nord Extreme",
      "Nordouest",
      "Ouest",
      "Sud",
      "Sudouest"
    ]
  },
  {
    "country": "China",
    "states": [
      "Anhui",
      "Anhui Province",
      "Anhui Sheng",
      "Aomen",
      "Beijing",
      "Beijing Shi",
      "Chongqing",
      "Fujian",
      "Fujian Sheng",
      "Gansu",
      "Guangdong",
      "Guangdong Sheng",
      "Guangxi",
      "Guizhou",
      "Hainan",
      "Hebei",
      "Heilongjiang",
      "Henan",
      "Hubei",
      "Hunan",
      "Jiangsu",
      "Jiangsu Sheng",
      "Jiangxi",
      "Jilin",
      "Liaoning",
      "Liaoning Sheng",
      "Nei Monggol",
      "Ningxia Hui",
      "Qinghai",
      "Shaanxi",
      "Shandong",
      "Shandong Sheng",
      "Shanghai",
      "Shanxi",
      "Sichuan",
      "Tianjin",
      "Xianggang",
      "Xinjiang",
      "Xizang",
      "Yunnan",
      "Zhejiang",
      "Zhejiang Sheng"
    ]
  },
  {
    "country": "Colombia",
    "states": [
      "Amazonas",
      "Antioquia",
      "Arauca",
      "Atlantico",
      "Bogota",
      "Bolivar",
      "Boyaca",
      "Caldas",
      "Caqueta",
      "Casanare",
      "Cauca",
      "Cesar",
      "Choco",
      "Cordoba",
      "Cundinamarca",
      "Guainia",
      "Guaviare",
      "Huila",
      "La Guajira",
      "Magdalena",
      "Meta",
      "Narino",
      "Norte de Santander",
      "Putumayo",
      "Quindio",
      "Risaralda",
      "San Andres y Providencia",
      "Santander",
      "Sucre",
      "Tolima",
      "Valle del Cauca",
      "Vaupes",
      "Vichada"
    ]
  },
  {
    "country": "Costa Rica",
    "states": [
      "Alajuela",
      "Cartago",
      "Guanacaste",
      "Heredia",
      "Limon",
      "Puntarenas",
      "San Jose"
    ]
  },
  {
    "country": "Cuba",
    "states": [
      "Camaguey",
      "Ciego de Avila",
      "Cienfuegos",
      "Ciudad de la Habana",
      "Granma",
      "Guantanamo",
      "Habana",
      "Holguin",
      "Isla de la Juventud",
      "La Habana",
      "Las Tunas",
      "Matanzas",
      "Pinar del Rio",
      "Sancti Spiritus",
      "Santiago de Cuba",
      "Villa Clara"
    ]
  },
  {
    "country": "Cape Verde",
    "states": [
      "Boavista",
      "Brava",
      "Fogo",
      "Maio",
      "Sal",
      "Santo Antao",
      "Sao Nicolau",
      "Sao Tiago",
      "Sao Vicente"
    ]
  },
  {
    "country": "Curacao",
    "states": []
  },
  {
    "country": "Christmas Island",
    "states": ["Christmas Island"]
  },
  {
    "country": "Cyprus",
    "states": [
      "Government controlled area",
      "Limassol",
      "Nicosia District",
      "Paphos",
      "Turkish controlled area"
    ]
  },
  {
    "country": "Czech Republic",
    "states": [
      "Central Bohemian",
      "Frycovice",
      "Jihocesky Kraj",
      "Jihochesky",
      "Jihomoravsky",
      "Karlovarsky",
      "Klecany",
      "Kralovehradecky",
      "Liberecky",
      "Lipov",
      "Moravskoslezsky",
      "Olomoucky",
      "Olomoucky Kraj",
      "Pardubicky",
      "Plzensky",
      "Praha",
      "Rajhrad",
      "Smirice",
      "South Moravian",
      "Straz nad Nisou",
      "Stredochesky",
      "Unicov",
      "Ustecky",
      "Valletta",
      "Velesin",
      "Vysochina",
      "Zlinsky"
    ]
  },
  {
    "country": "Germany",
    "states": [
      "Auvergne",
      "Baden-Wurttemberg",
      "Bavaria",
      "Bayern",
      "Beilstein Wurtt",
      "Berlin",
      "Brandenburg",
      "Bremen",
      "Dreisbach",
      "Freistaat Bayern",
      "Hamburg",
      "Hannover",
      "Heroldstatt",
      "Hessen",
      "Kortenberg",
      "Laasdorf",
      "Land Baden-Wurttemberg",
      "Land Bayern",
      "Land Brandenburg",
      "Land Hessen",
      "Land Mecklenburg-Vorpommern",
      "Land Nordrhein-Westfalen",
      "Land Rheinland-Pfalz",
      "Land Sachsen",
      "Land Sachsen-Anhalt",
      "Land Thuringen",
      "Lower Saxony",
      "Mecklenburg-Vorpommern",
      "Mulfingen",
      "Munich",
      "Neubeuern",
      "Niedersachsen",
      "Noord-Holland",
      "Nordrhein-Westfalen",
      "North Rhine-Westphalia",
      "Osterode",
      "Rheinland-Pfalz",
      "Rhineland-Palatinate",
      "Saarland",
      "Sachsen",
      "Sachsen-Anhalt",
      "Saxony",
      "Schleswig-Holstein",
      "Thuringia",
      "Webling",
      "Weinstrabe",
      "schlobborn"
    ]
  },
  {
    "country": "Djibouti",
    "states": ["Ali Sabih", "Dikhil", "Jibuti", "Tajurah", "Ubuk"]
  },
  {
    "country": "Denmark",
    "states": [
      "Arhus",
      "Bornholm",
      "Frederiksborg",
      "Fyn",
      "Hovedstaden",
      "Kobenhavn",
      "Kobenhavns Amt",
      "Kobenhavns Kommune",
      "Nordjylland",
      "Ribe",
      "Ringkobing",
      "Roervig",
      "Roskilde",
      "Roslev",
      "Sjaelland",
      "Soeborg",
      "Sonderjylland",
      "Storstrom",
      "Syddanmark",
      "Toelloese",
      "Vejle",
      "Vestsjalland",
      "Viborg"
    ]
  },
  {
    "country": "Dominica",
    "states": [
      "Saint Andrew",
      "Saint David",
      "Saint George",
      "Saint John",
      "Saint Joseph",
      "Saint Luke",
      "Saint Mark",
      "Saint Patrick",
      "Saint Paul",
      "Saint Peter"
    ]
  },
  {
    "country": "Dominican Republic",
    "states": [
      "Azua",
      "Bahoruco",
      "Barahona",
      "Dajabon",
      "Distrito Nacional",
      "Duarte",
      "El Seybo",
      "Elias Pina",
      "Espaillat",
      "Hato Mayor",
      "Independencia",
      "La Altagracia",
      "La Romana",
      "La Vega",
      "Maria Trinidad Sanchez",
      "Monsenor Nouel",
      "Monte Cristi",
      "Monte Plata",
      "Pedernales",
      "Peravia",
      "Puerto Plata",
      "Salcedo",
      "Samana",
      "San Cristobal",
      "San Juan",
      "San Pedro de Macoris",
      "Sanchez Ramirez",
      "Santiago",
      "Santiago Rodriguez",
      "Valverde"
    ]
  },
  {
    "country": "Algeria",
    "states": [
      "Ayn Daflah",
      "Ayn Tamushanat",
      "Adrar",
      "Algiers",
      "Annabah",
      "Bashshar",
      "Batnah",
      "Bijayah",
      "Biskrah",
      "Blidah",
      "Buirah",
      "Bumardas",
      "Burj Bu Arririj",
      "Ghalizan",
      "Ghardayah",
      "Ilizi",
      "Jijili",
      "Jilfah",
      "Khanshalah",
      "Masilah",
      "Midyah",
      "Milah",
      "Muaskar",
      "Mustaghanam",
      "Naama",
      "Oran",
      "Ouargla",
      "Qalmah",
      "Qustantinah",
      "Sakikdah",
      "Satif",
      "Sayda",
      "Sidi ban-al-''Abbas",
      "Suq Ahras",
      "Tamanghasat",
      "Tibazah",
      "Tibissah",
      "Tilimsan",
      "Tinduf",
      "Tisamsilt",
      "Tiyarat",
      "Tizi Wazu",
      "Umm-al-Bawaghi",
      "Wahran",
      "Warqla",
      "Wilaya d Alger",
      "Wilaya de Bejaia",
      "Wilaya de Constantine",
      "al-Aghwat",
      "al-Bayadh",
      "al-Jaza''ir",
      "al-Wad",
      "ash-Shalif",
      "at-Tarif"
    ]
  },
  {
    "country": "Ecuador",
    "states": [
      "Azuay",
      "Bolivar",
      "Canar",
      "Carchi",
      "Chimborazo",
      "Cotopaxi",
      "El Oro",
      "Esmeraldas",
      "Galapagos",
      "Guayas",
      "Imbabura",
      "Loja",
      "Los Rios",
      "Manabi",
      "Morona Santiago",
      "Napo",
      "Orellana",
      "Pastaza",
      "Pichincha",
      "Sucumbios",
      "Tungurahua",
      "Zamora Chinchipe"
    ]
  },
  {
    "country": "Estonia",
    "states": [
      "Harju",
      "Hiiu",
      "Ida-Viru",
      "Jarva",
      "Jogeva",
      "Laane",
      "Laane-Viru",
      "Parnu",
      "Polva",
      "Rapla",
      "Saare",
      "Tartu",
      "Valga",
      "Viljandi",
      "Voru"
    ]
  },
  {
    "country": "Egypt",
    "states": [
      "Aswan",
      "Asyut",
      "Bani Suwayf",
      "Bur Sa''id",
      "Cairo",
      "Dumyat",
      "Kafr-ash-Shaykh",
      "Matruh",
      "Muhafazat ad Daqahliyah",
      "Muhafazat al Fayyum",
      "Muhafazat al Gharbiyah",
      "Muhafazat al Iskandariyah",
      "Muhafazat al Qahirah",
      "Qina",
      "Sawhaj",
      "Sina al-Janubiyah",
      "Sina ash-Shamaliyah",
      "ad-Daqahliyah",
      "al-Bahr-al-Ahmar",
      "al-Buhayrah",
      "al-Fayyum",
      "al-Gharbiyah",
      "al-Iskandariyah",
      "al-Ismailiyah",
      "al-Jizah",
      "al-Minufiyah",
      "al-Minya",
      "al-Qahira",
      "al-Qalyubiyah",
      "al-Uqsur",
      "al-Wadi al-Jadid",
      "as-Suways",
      "ash-Sharqiyah"
    ]
  },
  {
    "country": "Western Sahara",
    "states": ["Bu Jaydur", "Wad-adh-Dhahab", "al-''Ayun", "as-Samarah"]
  },
  {
    "country": "Eritrea",
    "states": [
      "Anseba",
      "Debub",
      "Debub-Keih-Bahri",
      "Gash-Barka",
      "Maekel",
      "Semien-Keih-Bahri"
    ]
  },
  {
    "country": "Spain",
    "states": [
      "A Coruna",
      "Alacant",
      "Alava",
      "Albacete",
      "Almeria",
      "Andalucia",
      "Asturias",
      "Avila",
      "Badajoz",
      "Balears",
      "Barcelona",
      "Bertamirans",
      "Biscay",
      "Burgos",
      "Caceres",
      "Cadiz",
      "Cantabria",
      "Castello",
      "Catalunya",
      "Ceuta",
      "Ciudad Real",
      "Comunidad Autonoma de Canarias",
      "Comunidad Autonoma de Cataluna",
      "Comunidad Autonoma de Galicia",
      "Comunidad Autonoma de las Isla",
      "Comunidad Autonoma del Princip",
      "Comunidad Valenciana",
      "Cordoba",
      "Cuenca",
      "Gipuzkoa",
      "Girona",
      "Granada",
      "Guadalajara",
      "Guipuzcoa",
      "Huelva",
      "Huesca",
      "Jaen",
      "La Rioja",
      "Las Palmas",
      "Leon",
      "Lerida",
      "Lleida",
      "Lugo",
      "Madrid",
      "Malaga",
      "Melilla",
      "Murcia",
      "Navarra",
      "Ourense",
      "Pais Vasco",
      "Palencia",
      "Pontevedra",
      "Salamanca",
      "Santa Cruz de Tenerife",
      "Segovia",
      "Sevilla",
      "Soria",
      "Tarragona",
      "Tenerife",
      "Teruel",
      "Toledo",
      "Valencia",
      "Valladolid",
      "Vizcaya",
      "Zamora",
      "Zaragoza"
    ]
  },
  {
    "country": "Ethiopia",
    "states": [
      "Addis Abeba",
      "Afar",
      "Amhara",
      "Benishangul",
      "Diredawa",
      "Gambella",
      "Harar",
      "Jigjiga",
      "Mekele",
      "Oromia",
      "Somali",
      "Southern",
      "Tigray"
    ]
  },
  {
    "country": "Finland",
    "states": [
      "Ahvenanmaa",
      "Etela-Karjala",
      "Etela-Pohjanmaa",
      "Etela-Savo",
      "Etela-Suomen Laani",
      "Ita-Suomen Laani",
      "Ita-Uusimaa",
      "Kainuu",
      "Kanta-Hame",
      "Keski-Pohjanmaa",
      "Keski-Suomi",
      "Kymenlaakso",
      "Lansi-Suomen Laani",
      "Lappi",
      "Northern Savonia",
      "Ostrobothnia",
      "Oulun Laani",
      "Paijat-Hame",
      "Pirkanmaa",
      "Pohjanmaa",
      "Pohjois-Karjala",
      "Pohjois-Pohjanmaa",
      "Pohjois-Savo",
      "Saarijarvi",
      "Satakunta",
      "Southern Savonia",
      "Tavastia Proper",
      "Uleaborgs Lan",
      "Uusimaa",
      "Varsinais-Suomi"
    ]
  },
  {
    "country": "Fiji",
    "states": ["Central", "Eastern", "Northern", "South Pacific", "Western"]
  },
  {
    "country": "Falkland Islands",
    "states": ["Falkland Islands", "South Georgia"]
  },
  {
    "country": "Micronesia",
    "states": ["Chuuk", "Kusaie", "Pohnpei", "Yap"]
  },
  {
    "country": "Faroe Islands",
    "states": [
      "Klaksvik",
      "Nor ara Eysturoy",
      "Nor oy",
      "Sandoy",
      "Streymoy",
      "Su uroy",
      "Sy ra Eysturoy",
      "Torshavn",
      "Vaga"
    ]
  },
  {
    "country": "France",
    "states": [
      "Ain",
      "Aisne",
      "Albi Le Sequestre",
      "Allier",
      "Alpes-Cote dAzur",
      "Alpes-Maritimes",
      "Alpes-de-Haute-Provence",
      "Alsace",
      "Aquitaine",
      "Ardeche",
      "Ardennes",
      "Ariege",
      "Aube",
      "Aude",
      "Auvergne",
      "Aveyron",
      "Bas-Rhin",
      "Basse-Normandie",
      "Bouches-du-Rhone",
      "Bourgogne",
      "Bretagne",
      "Brittany",
      "Burgundy",
      "Calvados",
      "Cantal",
      "Cedex",
      "Centre",
      "Charente",
      "Charente-Maritime",
      "Cher",
      "Correze",
      "Corse-du-Sud",
      "Cote-d''Or",
      "Cotes-d''Armor",
      "Creuse",
      "Crolles",
      "Deux-Sevres",
      "Dordogne",
      "Doubs",
      "Drome",
      "Essonne",
      "Eure",
      "Eure-et-Loir",
      "Feucherolles",
      "Finistere",
      "Franche-Comte",
      "Gard",
      "Gers",
      "Gironde",
      "Haut-Rhin",
      "Haute-Corse",
      "Haute-Garonne",
      "Haute-Loire",
      "Haute-Marne",
      "Haute-Saone",
      "Haute-Savoie",
      "Haute-Vienne",
      "Hautes-Alpes",
      "Hautes-Pyrenees",
      "Hauts-de-Seine",
      "Herault",
      "Ile-de-France",
      "Ille-et-Vilaine",
      "Indre",
      "Indre-et-Loire",
      "Isere",
      "Jura",
      "Klagenfurt",
      "Landes",
      "Languedoc-Roussillon",
      "Larcay",
      "Le Castellet",
      "Le Creusot",
      "Limousin",
      "Loir-et-Cher",
      "Loire",
      "Loire-Atlantique",
      "Loiret",
      "Lorraine",
      "Lot",
      "Lot-et-Garonne",
      "Lower Normandy",
      "Lozere",
      "Maine-et-Loire",
      "Manche",
      "Marne",
      "Mayenne",
      "Meurthe-et-Moselle",
      "Meuse",
      "Midi-Pyrenees",
      "Morbihan",
      "Moselle",
      "Nievre",
      "Nord",
      "Nord-Pas-de-Calais",
      "Oise",
      "Orne",
      "Paris",
      "Pas-de-Calais",
      "Pays de la Loire",
      "Pays-de-la-Loire",
      "Picardy",
      "Puy-de-Dome",
      "Pyrenees-Atlantiques",
      "Pyrenees-Orientales",
      "Quelmes",
      "Rhone",
      "Rhone-Alpes",
      "Saint Ouen",
      "Saint Viatre",
      "Saone-et-Loire",
      "Sarthe",
      "Savoie",
      "Seine-Maritime",
      "Seine-Saint-Denis",
      "Seine-et-Marne",
      "Somme",
      "Sophia Antipolis",
      "Souvans",
      "Tarn",
      "Tarn-et-Garonne",
      "Territoire de Belfort",
      "Treignac",
      "Upper Normandy",
      "Val-d''Oise",
      "Val-de-Marne",
      "Var",
      "Vaucluse",
      "Vellise",
      "Vendee",
      "Vienne",
      "Vosges",
      "Yonne",
      "Yvelines"
    ]
  },
  {
    "country": "Gabon",
    "states": [
      "Estuaire",
      "Haut-Ogooue",
      "Moyen-Ogooue",
      "Ngounie",
      "Nyanga",
      "Ogooue-Ivindo",
      "Ogooue-Lolo",
      "Ogooue-Maritime",
      "Woleu-Ntem"
    ]
  },
  {
    "country": "United Kingdom",
    "states": [
      "Aberdeen",
      "Aberdeenshire",
      "Argyll",
      "Armagh",
      "Bedfordshire",
      "Belfast",
      "Berkshire",
      "Birmingham",
      "Brechin",
      "Bridgnorth",
      "Bristol",
      "Buckinghamshire",
      "Cambridge",
      "Cambridgeshire",
      "Channel Islands",
      "Cheshire",
      "Cleveland",
      "Co Fermanagh",
      "Conwy",
      "Cornwall",
      "Coventry",
      "Craven Arms",
      "Cumbria",
      "Denbighshire",
      "Derby",
      "Derbyshire",
      "Devon",
      "Dial Code Dungannon",
      "Didcot",
      "Dorset",
      "Dunbartonshire",
      "Durham",
      "East Dunbartonshire",
      "East Lothian",
      "East Midlands",
      "East Sussex",
      "East Yorkshire",
      "England",
      "Essex",
      "Fermanagh",
      "Fife",
      "Flintshire",
      "Fulham",
      "Gainsborough",
      "Glocestershire",
      "Gwent",
      "Hampshire",
      "Hants",
      "Herefordshire",
      "Hertfordshire",
      "Ireland",
      "Isle Of Man",
      "Isle of Wight",
      "Kenford",
      "Kent",
      "Kilmarnock",
      "Lanarkshire",
      "Lancashire",
      "Leicestershire",
      "Lincolnshire",
      "Llanymynech",
      "London",
      "Ludlow",
      "Manchester",
      "Mayfair",
      "Merseyside",
      "Mid Glamorgan",
      "Middlesex",
      "Mildenhall",
      "Monmouthshire",
      "Newton Stewart",
      "Norfolk",
      "North Humberside",
      "North Yorkshire",
      "Northamptonshire",
      "Northants",
      "Northern Ireland",
      "Northumberland",
      "Nottinghamshire",
      "Oxford",
      "Powys",
      "Roos-shire",
      "SUSSEX",
      "Sark",
      "Scotland",
      "Scottish Borders",
      "Shropshire",
      "Somerset",
      "South Glamorgan",
      "South Wales",
      "South Yorkshire",
      "Southwell",
      "Staffordshire",
      "Strabane",
      "Suffolk",
      "Surrey",
      "Sussex",
      "Twickenham",
      "Tyne and Wear",
      "Tyrone",
      "Utah",
      "Wales",
      "Warwickshire",
      "West Lothian",
      "West Midlands",
      "West Sussex",
      "West Yorkshire",
      "Whissendine",
      "Wiltshire",
      "Wokingham",
      "Worcestershire",
      "Wrexham",
      "Wurttemberg",
      "Yorkshire"
    ]
  },
  {
    "country": "Grenada",
    "states": [
      "Carriacou-Petite Martinique",
      "Saint Andrew",
      "Saint Davids",
      "Saint George''s",
      "Saint John",
      "Saint Mark",
      "Saint Patrick"
    ]
  },
  {
    "country": "Georgia",
    "states": [
      "Abhasia",
      "Ajaria",
      "Guria",
      "Imereti",
      "Kaheti",
      "Kvemo Kartli",
      "Mcheta-Mtianeti",
      "Racha",
      "Samagrelo-Zemo Svaneti",
      "Samche-Zhavaheti",
      "Shida Kartli",
      "Tbilisi"
    ]
  },
  {
    "country": "French Guiana",
    "states": ["Cayenne", "Saint-Laurent-du-Maroni"]
  },
  {
    "country": "Guernsey",
    "states": []
  },
  {
    "country": "Ghana",
    "states": [
      "Ashanti",
      "Brong-Ahafo",
      "Central",
      "Eastern",
      "Greater Accra",
      "Northern",
      "Upper East",
      "Upper West",
      "Volta",
      "Western"
    ]
  },
  {
    "country": "Gibraltar",
    "states": ["Gibraltar"]
  },
  {
    "country": "Greenland",
    "states": [
      "Aasiaat",
      "Ammassalik",
      "Illoqqortoormiut",
      "Ilulissat",
      "Ivittuut",
      "Kangaatsiaq",
      "Maniitsoq",
      "Nanortalik",
      "Narsaq",
      "Nuuk",
      "Paamiut",
      "Qaanaaq",
      "Qaqortoq",
      "Qasigiannguit",
      "Qeqertarsuaq",
      "Sisimiut",
      "Udenfor kommunal inddeling",
      "Upernavik",
      "Uummannaq"
    ]
  },
  {
    "country": "Gambia",
    "states": [
      "Banjul",
      "Basse",
      "Brikama",
      "Janjanbureh",
      "Kanifing",
      "Kerewan",
      "Kuntaur",
      "Mansakonko"
    ]
  },
  {
    "country": "Guinea",
    "states": [
      "Beyla",
      "Boffa",
      "Boke",
      "Conakry",
      "Coyah",
      "Dabola",
      "Dalaba",
      "Dinguiraye",
      "Faranah",
      "Forecariah",
      "Fria",
      "Gaoual",
      "Gueckedou",
      "Kankan",
      "Kerouane",
      "Kindia",
      "Kissidougou",
      "Koubia",
      "Koundara",
      "Kouroussa",
      "Labe",
      "Lola",
      "Macenta",
      "Mali",
      "Mamou",
      "Mandiana",
      "Nzerekore",
      "Pita",
      "Siguiri",
      "Telimele",
      "Tougue",
      "Yomou"
    ]
  },
  {
    "country": "Guadeloupe",
    "states": [
      "Basse-Terre",
      "Grande-Terre",
      "Iles des Saintes",
      "La Desirade",
      "Marie-Galante",
      "Saint Barthelemy",
      "Saint Martin"
    ]
  },
  {
    "country": "Equatorial Guinea",
    "states": [
      "Annobon",
      "Bioko Norte",
      "Bioko Sur",
      "Centro Sur",
      "Kie-Ntem",
      "Litoral",
      "Wele-Nzas"
    ]
  },
  {
    "country": "Greece",
    "states": [
      "Acharnes",
      "Ahaia",
      "Aitolia kai Akarnania",
      "Argolis",
      "Arkadia",
      "Arta",
      "Attica",
      "Attiki",
      "Ayion Oros",
      "Crete",
      "Dodekanisos",
      "Drama",
      "Evia",
      "Evritania",
      "Evros",
      "Evvoia",
      "Florina",
      "Fokis",
      "Fthiotis",
      "Grevena",
      "Halandri",
      "Halkidiki",
      "Hania",
      "Heraklion",
      "Hios",
      "Ilia",
      "Imathia",
      "Ioannina",
      "Iraklion",
      "Karditsa",
      "Kastoria",
      "Kavala",
      "Kefallinia",
      "Kerkira",
      "Kiklades",
      "Kilkis",
      "Korinthia",
      "Kozani",
      "Lakonia",
      "Larisa",
      "Lasithi",
      "Lesvos",
      "Levkas",
      "Magnisia",
      "Messinia",
      "Nomos Attikis",
      "Nomos Zakynthou",
      "Pella",
      "Pieria",
      "Piraios",
      "Preveza",
      "Rethimni",
      "Rodopi",
      "Samos",
      "Serrai",
      "Thesprotia",
      "Thessaloniki",
      "Trikala",
      "Voiotia",
      "West Greece",
      "Xanthi",
      "Zakinthos"
    ]
  },
  {
    "country": "South Georgia and the South Sandwich Islands",
    "states": ["South Georgia"]
  },
  {
    "country": "Guatemala",
    "states": [
      "Alta Verapaz",
      "Baja Verapaz",
      "Chimaltenango",
      "Chiquimula",
      "El Progreso",
      "Escuintla",
      "Guatemala",
      "Huehuetenango",
      "Izabal",
      "Jalapa",
      "Jutiapa",
      "Peten",
      "Quezaltenango",
      "Quiche",
      "Retalhuleu",
      "Sacatepequez",
      "San Marcos",
      "Santa Rosa",
      "Solola",
      "Suchitepequez",
      "Totonicapan",
      "Zacapa"
    ]
  },
  {
    "country": "Guam",
    "states": [
      "Agana Heights",
      "Agat",
      "Barrigada",
      "Chalan-Pago-Ordot",
      "Dededo",
      "Hagatna",
      "Inarajan",
      "Mangilao",
      "Merizo",
      "Mongmong-Toto-Maite",
      "Santa Rita",
      "Sinajana",
      "Talofofo",
      "Tamuning",
      "Yigo",
      "Yona"
    ]
  },
  {
    "country": "Guinea-Bissau",
    "states": [
      "Bafata",
      "Bissau",
      "Bolama",
      "Cacheu",
      "Gabu",
      "Oio",
      "Quinara",
      "Tombali"
    ]
  },
  {
    "country": "Guyana",
    "states": [
      "Barima-Waini",
      "Cuyuni-Mazaruni",
      "Demerara-Mahaica",
      "East Berbice-Corentyne",
      "Essequibo Islands-West Demerar",
      "Mahaica-Berbice",
      "Pomeroon-Supenaam",
      "Potaro-Siparuni",
      "Upper Demerara-Berbice",
      "Upper Takutu-Upper Essequibo"
    ]
  },
  {
    "country": "Hong Kong",
    "states": ["Hong Kong"]
  },
  {
    "country": "Heard Island and McDonald Islands",
    "states": ["Heard and McDonald Islands"]
  },
  {
    "country": "Honduras",
    "states": [
      "Atlantida",
      "Choluteca",
      "Colon",
      "Comayagua",
      "Copan",
      "Cortes",
      "Distrito Central",
      "El Paraiso",
      "Francisco Morazan",
      "Gracias a Dios",
      "Intibuca",
      "Islas de la Bahia",
      "La Paz",
      "Lempira",
      "Ocotepeque",
      "Olancho",
      "Santa Barbara",
      "Valle",
      "Yoro"
    ]
  },
  {
    "country": "Croatia",
    "states": [
      "Bjelovar-Bilogora",
      "Dubrovnik-Neretva",
      "Grad Zagreb",
      "Istra",
      "Karlovac",
      "Koprivnica-Krizhevci",
      "Krapina-Zagorje",
      "Lika-Senj",
      "Medhimurje",
      "Medimurska Zupanija",
      "Osijek-Baranja",
      "Osjecko-Baranjska Zupanija",
      "Pozhega-Slavonija",
      "Primorje-Gorski Kotar",
      "Shibenik-Knin",
      "Sisak-Moslavina",
      "Slavonski Brod-Posavina",
      "Split-Dalmacija",
      "Varazhdin",
      "Virovitica-Podravina",
      "Vukovar-Srijem",
      "Zadar",
      "Zagreb"
    ]
  },
  {
    "country": "Haiti",
    "states": [
      "Artibonite",
      "Centre",
      "Grand''Anse",
      "Nord",
      "Nord-Est",
      "Nord-Ouest",
      "Ouest",
      "Sud",
      "Sud-Est"
    ]
  },
  {
    "country": "Hungary",
    "states": [
      "Bacs-Kiskun",
      "Baranya",
      "Bekes",
      "Borsod-Abauj-Zemplen",
      "Budapest",
      "Csongrad",
      "Fejer",
      "Gyor-Moson-Sopron",
      "Hajdu-Bihar",
      "Heves",
      "Jasz-Nagykun-Szolnok",
      "Komarom-Esztergom",
      "Nograd",
      "Pest",
      "Somogy",
      "Szabolcs-Szatmar-Bereg",
      "Tolna",
      "Vas",
      "Veszprem",
      "Zala"
    ]
  },
  {
    "country": "Indonesia",
    "states": [
      "Aceh",
      "Bali",
      "Bangka-Belitung",
      "Banten",
      "Bengkulu",
      "Gandaria",
      "Gorontalo",
      "Jakarta",
      "Jambi",
      "Jawa Barat",
      "Jawa Tengah",
      "Jawa Timur",
      "Kalimantan Barat",
      "Kalimantan Selatan",
      "Kalimantan Tengah",
      "Kalimantan Timur",
      "Kendal",
      "Lampung",
      "Maluku",
      "Maluku Utara",
      "Nusa Tenggara Barat",
      "Nusa Tenggara Timur",
      "Papua",
      "Riau",
      "Riau Kepulauan",
      "Solo",
      "Sulawesi Selatan",
      "Sulawesi Tengah",
      "Sulawesi Tenggara",
      "Sulawesi Utara",
      "Sumatera Barat",
      "Sumatera Selatan",
      "Sumatera Utara",
      "Yogyakarta"
    ]
  },
  {
    "country": "Ireland",
    "states": [
      "Armagh",
      "Carlow",
      "Cavan",
      "Clare",
      "Cork",
      "Donegal",
      "Dublin",
      "Galway",
      "Kerry",
      "Kildare",
      "Kilkenny",
      "Laois",
      "Leinster",
      "Leitrim",
      "Limerick",
      "Loch Garman",
      "Longford",
      "Louth",
      "Mayo",
      "Meath",
      "Monaghan",
      "Offaly",
      "Roscommon",
      "Sligo",
      "Tipperary North Riding",
      "Tipperary South Riding",
      "Ulster",
      "Waterford",
      "Westmeath",
      "Wexford",
      "Wicklow"
    ]
  },
  {
    "country": "Isle of Man",
    "states": []
  },
  {
    "country": "India",
    "states": [
      "Andaman and Nicobar Islands",
      "Andhra Pradesh",
      "Arunachal Pradesh",
      "Assam",
      "Bihar",
      "Chandigarh",
      "Chhattisgarh",
      "Dadra and Nagar Haveli",
      "Daman and Diu",
      "Delhi",
      "Goa",
      "Gujarat",
      "Haryana",
      "Himachal Pradesh",
      "Jammu and Kashmir",
      "Jharkhand",
      "Karnataka",
      "Kenmore",
      "Kerala",
      "Lakshadweep",
      "Madhya Pradesh",
      "Maharashtra",
      "Manipur",
      "Meghalaya",
      "Mizoram",
      "Nagaland",
      "Narora",
      "Natwar",
      "Odisha",
      "Paschim Medinipur",
      "Pondicherry",
      "Punjab",
      "Rajasthan",
      "Sikkim",
      "Tamil Nadu",
      "Telangana",
      "Tripura",
      "Uttar Pradesh",
      "Uttarakhand",
      "Vaishali",
      "West Bengal"
    ]
  },
  {
    "country": "British Indian Ocean Territory",
    "states": ["British Indian Ocean Territory"]
  },
  {
    "country": "Iraq",
    "states": [
      "Babil",
      "Baghdad",
      "Dahuk",
      "Dhi Qar",
      "Diyala",
      "Erbil",
      "Irbil",
      "Karbala",
      "Kurdistan",
      "Maysan",
      "Ninawa",
      "Salah-ad-Din",
      "Wasit",
      "al-Anbar",
      "al-Basrah",
      "al-Muthanna",
      "al-Qadisiyah",
      "an-Najaf",
      "as-Sulaymaniyah",
      "at-Ta''mim"
    ]
  },
  {
    "country": "Iran",
    "states": [
      "Ardabil",
      "Azarbayjan-e Bakhtari",
      "Azarbayjan-e Khavari",
      "Bushehr",
      "Chahar Mahal-e Bakhtiari",
      "Esfahan",
      "Fars",
      "Gilan",
      "Golestan",
      "Hamadan",
      "Hormozgan",
      "Ilam",
      "Kerman",
      "Kermanshah",
      "Khorasan",
      "Khuzestan",
      "Kohgiluyeh-e Boyerahmad",
      "Kordestan",
      "Lorestan",
      "Markazi",
      "Mazandaran",
      "Ostan-e Esfahan",
      "Qazvin",
      "Qom",
      "Semnan",
      "Sistan-e Baluchestan",
      "Tehran",
      "Yazd",
      "Zanjan"
    ]
  },
  {
    "country": "Iceland",
    "states": [
      "Austurland",
      "Gullbringusysla",
      "Hofu borgarsva i",
      "Nor urland eystra",
      "Nor urland vestra",
      "Su urland",
      "Su urnes",
      "Vestfir ir",
      "Vesturland"
    ]
  },
  {
    "country": "Italy",
    "states": [
      "Abruzzi",
      "Abruzzo",
      "Agrigento",
      "Alessandria",
      "Ancona",
      "Arezzo",
      "Ascoli Piceno",
      "Asti",
      "Avellino",
      "Bari",
      "Basilicata",
      "Belluno",
      "Benevento",
      "Bergamo",
      "Biella",
      "Bologna",
      "Bolzano",
      "Brescia",
      "Brindisi",
      "Calabria",
      "Campania",
      "Cartoceto",
      "Caserta",
      "Catania",
      "Chieti",
      "Como",
      "Cosenza",
      "Cremona",
      "Cuneo",
      "Emilia-Romagna",
      "Ferrara",
      "Firenze",
      "Florence",
      "Forli-Cesena",
      "Friuli-Venezia Giulia",
      "Frosinone",
      "Genoa",
      "Gorizia",
      "L''Aquila",
      "Lazio",
      "Lecce",
      "Lecco",
      "Lecco Province",
      "Liguria",
      "Lodi",
      "Lombardia",
      "Lombardy",
      "Macerata",
      "Mantova",
      "Marche",
      "Messina",
      "Milan",
      "Modena",
      "Molise",
      "Molteno",
      "Montenegro",
      "Monza and Brianza",
      "Naples",
      "Novara",
      "Padova",
      "Parma",
      "Pavia",
      "Perugia",
      "Pesaro-Urbino",
      "Piacenza",
      "Piedmont",
      "Piemonte",
      "Pisa",
      "Pordenone",
      "Potenza",
      "Puglia",
      "Reggio Emilia",
      "Rimini",
      "Roma",
      "Salerno",
      "Sardegna",
      "Sassari",
      "Savona",
      "Sicilia",
      "Siena",
      "Sondrio",
      "South Tyrol",
      "Taranto",
      "Teramo",
      "Torino",
      "Toscana",
      "Trapani",
      "Trentino-Alto Adige",
      "Trento",
      "Treviso",
      "Udine",
      "Umbria",
      "Valle d''Aosta",
      "Varese",
      "Veneto",
      "Venezia",
      "Verbano-Cusio-Ossola",
      "Vercelli",
      "Verona",
      "Vicenza",
      "Viterbo"
    ]
  },
  {
    "country": "Jersey",
    "states": []
  },
  {
    "country": "Jamaica",
    "states": [
      "Buxoro Viloyati",
      "Clarendon",
      "Hanover",
      "Kingston",
      "Manchester",
      "Portland",
      "Saint Andrews",
      "Saint Ann",
      "Saint Catherine",
      "Saint Elizabeth",
      "Saint James",
      "Saint Mary",
      "Saint Thomas",
      "Trelawney",
      "Westmoreland"
    ]
  },
  {
    "country": "Jordan",
    "states": [
      "Ajlun",
      "Amman",
      "Irbid",
      "Jarash",
      "Ma''an",
      "Madaba",
      "al-''Aqabah",
      "al-Balqa",
      "al-Karak",
      "al-Mafraq",
      "at-Tafilah",
      "az-Zarqa"
    ]
  },
  {
    "country": "Japan",
    "states": [
      "Aichi",
      "Akita",
      "Aomori",
      "Chiba",
      "Ehime",
      "Fukui",
      "Fukuoka",
      "Fukushima",
      "Gifu",
      "Gumma",
      "Hiroshima",
      "Hokkaido",
      "Hyogo",
      "Ibaraki",
      "Ishikawa",
      "Iwate",
      "Kagawa",
      "Kagoshima",
      "Kanagawa",
      "Kanto",
      "Kochi",
      "Kumamoto",
      "Kyoto",
      "Mie",
      "Miyagi",
      "Miyazaki",
      "Nagano",
      "Nagasaki",
      "Nara",
      "Niigata",
      "Oita",
      "Okayama",
      "Okinawa",
      "Osaka",
      "Saga",
      "Saitama",
      "Shiga",
      "Shimane",
      "Shizuoka",
      "Tochigi",
      "Tokushima",
      "Tokyo",
      "Tottori",
      "Toyama",
      "Wakayama",
      "Yamagata",
      "Yamaguchi",
      "Yamanashi"
    ]
  },
  {
    "country": "Kenya",
    "states": [
      "Central",
      "Coast",
      "Eastern",
      "Nairobi",
      "North Eastern",
      "Nyanza",
      "Rift Valley",
      "Western"
    ]
  },
  {
    "country": "Kyrgyzstan",
    "states": [
      "Batken",
      "Bishkek",
      "Chui",
      "Issyk-Kul",
      "Jalal-Abad",
      "Naryn",
      "Osh",
      "Talas"
    ]
  },
  {
    "country": "Cambodia",
    "states": [
      "Banteay Mean Chey",
      "Bat Dambang",
      "Kampong Cham",
      "Kampong Chhnang",
      "Kampong Spoeu",
      "Kampong Thum",
      "Kampot",
      "Kandal",
      "Kaoh Kong",
      "Kracheh",
      "Krong Kaeb",
      "Krong Pailin",
      "Krong Preah Sihanouk",
      "Mondol Kiri",
      "Otdar Mean Chey",
      "Phnum Penh",
      "Pousat",
      "Preah Vihear",
      "Prey Veaeng",
      "Rotanak Kiri",
      "Siem Reab",
      "Stueng Traeng",
      "Svay Rieng",
      "Takaev"
    ]
  },
  {
    "country": "Kiribati",
    "states": [
      "Abaiang",
      "Abemana",
      "Aranuka",
      "Arorae",
      "Banaba",
      "Beru",
      "Butaritari",
      "Kiritimati",
      "Kuria",
      "Maiana",
      "Makin",
      "Marakei",
      "Nikunau",
      "Nonouti",
      "Onotoa",
      "Phoenix Islands",
      "Tabiteuea North",
      "Tabiteuea South",
      "Tabuaeran",
      "Tamana",
      "Tarawa North",
      "Tarawa South",
      "Teraina"
    ]
  },
  {
    "country": "Comoros",
    "states": ["Mwali", "Njazidja", "Nzwani"]
  },
  {
    "country": "Saint Kitts and Nevis",
    "states": [
      "Christ Church Nichola Town",
      "Saint Anne Sandy Point",
      "Saint George Basseterre",
      "Saint George Gingerland",
      "Saint James Windward",
      "Saint John Capesterre",
      "Saint John Figtree",
      "Saint Mary Cayon",
      "Saint Paul Capesterre",
      "Saint Paul Charlestown",
      "Saint Peter Basseterre",
      "Saint Thomas Lowland",
      "Saint Thomas Middle Island",
      "Trinity Palmetto Point"
    ]
  },
  {
    "country": "North Korea",
    "states": [
      "Chagangdo",
      "Hamgyeongbukto",
      "Hamgyeongnamdo",
      "Hwanghaebukto",
      "Hwanghaenamdo",
      "Kaeseong",
      "Kangweon",
      "Nampo",
      "Pyeonganbukto",
      "Pyeongannamdo",
      "Pyeongyang",
      "Yanggang"
    ]
  },
  {
    "country": "South Korea",
    "states": [
      "Busan",
      "Cheju",
      "Chollabuk",
      "Chollanam",
      "Chungbuk",
      "Chungcheongbuk",
      "Chungcheongnam",
      "Chungnam",
      "Daegu",
      "Gangwon-do",
      "Goyang-si",
      "Gyeonggi-do",
      "Gyeongsang",
      "Gyeongsangnam-do",
      "Incheon",
      "Jeju-Si",
      "Jeonbuk",
      "Kangweon",
      "Kwangju",
      "Kyeonggi",
      "Kyeongsangbuk",
      "Kyeongsangnam",
      "Kyonggi-do",
      "Kyungbuk-Do",
      "Kyunggi-Do",
      "Kyunggi-do",
      "Pusan",
      "Seoul",
      "Sudogwon",
      "Taegu",
      "Taejeon",
      "Taejon-gwangyoksi",
      "Ulsan",
      "Wonju",
      "gwangyoksi"
    ]
  },
  {
    "country": "Kuwait",
    "states": [
      "Al Asimah",
      "Hawalli",
      "Mishref",
      "Qadesiya",
      "Safat",
      "Salmiya",
      "al-Ahmadi",
      "al-Farwaniyah",
      "al-Jahra",
      "al-Kuwayt"
    ]
  },
  {
    "country": "Cayman Islands",
    "states": ["Grand Cayman"]
  },
  {
    "country": "Kazakhstan",
    "states": [
      "Akmecet",
      "Akmola",
      "Aktobe",
      "Almati",
      "Atirau",
      "Batis Kazakstan",
      "Burlinsky Region",
      "Karagandi",
      "Kostanay",
      "Mankistau",
      "Ontustik Kazakstan",
      "Pavlodar",
      "Sigis Kazakstan",
      "Soltustik Kazakstan",
      "Taraz"
    ]
  },
  {
    "country": "Laos",
    "states": [
      "Attopu",
      "Bokeo",
      "Bolikhamsay",
      "Champasak",
      "Houaphanh",
      "Khammouane",
      "Luang Nam Tha",
      "Luang Prabang",
      "Oudomxay",
      "Phongsaly",
      "Saravan",
      "Savannakhet",
      "Sekong",
      "Viangchan Prefecture",
      "Viangchan Province",
      "Xaignabury",
      "Xiang Khuang"
    ]
  },
  {
    "country": "Lebanon",
    "states": [
      "Beirut",
      "Jabal Lubnan",
      "Mohafazat Liban-Nord",
      "Mohafazat Mont-Liban",
      "Sidon",
      "al-Biqa",
      "al-Janub",
      "an-Nabatiyah",
      "ash-Shamal"
    ]
  },
  {
    "country": "Saint Lucia",
    "states": [
      "Anse-la-Raye",
      "Canaries",
      "Castries",
      "Choiseul",
      "Dennery",
      "Gros Inlet",
      "Laborie",
      "Micoud",
      "Soufriere",
      "Vieux Fort"
    ]
  },
  {
    "country": "Liechtenstein",
    "states": [
      "Balzers",
      "Eschen",
      "Gamprin",
      "Mauren",
      "Planken",
      "Ruggell",
      "Schaan",
      "Schellenberg",
      "Triesen",
      "Triesenberg",
      "Vaduz"
    ]
  },
  {
    "country": "Sri Lanka",
    "states": [
      "Amparai",
      "Anuradhapuraya",
      "Badulla",
      "Boralesgamuwa",
      "Colombo",
      "Galla",
      "Gampaha",
      "Hambantota",
      "Kalatura",
      "Kegalla",
      "Kilinochchi",
      "Kurunegala",
      "Madakalpuwa",
      "Maha Nuwara",
      "Malwana",
      "Mannarama",
      "Matale",
      "Matara",
      "Monaragala",
      "Mullaitivu",
      "North Eastern Province",
      "North Western Province",
      "Nuwara Eliya",
      "Polonnaruwa",
      "Puttalama",
      "Ratnapuraya",
      "Southern Province",
      "Tirikunamalaya",
      "Tuscany",
      "Vavuniyawa",
      "Western Province",
      "Yapanaya",
      "kadawatha"
    ]
  },
  {
    "country": "Liberia",
    "states": [
      "Bomi",
      "Bong",
      "Grand Bassa",
      "Grand Cape Mount",
      "Grand Gedeh",
      "Loffa",
      "Margibi",
      "Maryland and Grand Kru",
      "Montserrado",
      "Nimba",
      "Rivercess",
      "Sinoe"
    ]
  },
  {
    "country": "Lesotho",
    "states": [
      "Berea",
      "Butha-Buthe",
      "Leribe",
      "Mafeteng",
      "Maseru",
      "Mohale''s Hoek",
      "Mokhotlong",
      "Qacha''s Nek",
      "Quthing",
      "Thaba-Tseka"
    ]
  },
  {
    "country": "Lithuania",
    "states": [
      "Alytaus",
      "Anyksciai",
      "Kauno",
      "Klaipedos",
      "Marijampoles",
      "Panevezhio",
      "Panevezys",
      "Shiauliu",
      "Taurages",
      "Telshiu",
      "Telsiai",
      "Utenos",
      "Vilniaus"
    ]
  },
  {
    "country": "Luxembourg",
    "states": [
      "Capellen",
      "Clervaux",
      "Diekirch",
      "Echternach",
      "Esch-sur-Alzette",
      "Grevenmacher",
      "Luxembourg",
      "Mersch",
      "Redange",
      "Remich",
      "Vianden",
      "Wiltz"
    ]
  },
  {
    "country": "Latvia",
    "states": [
      "Aizkraukles",
      "Aluksnes",
      "Balvu",
      "Bauskas",
      "Cesu",
      "Daugavpils",
      "Daugavpils City",
      "Dobeles",
      "Gulbenes",
      "Jekabspils",
      "Jelgava",
      "Jelgavas",
      "Jurmala City",
      "Kraslavas",
      "Kuldigas",
      "Liepaja",
      "Liepajas",
      "Limbazhu",
      "Ludzas",
      "Madonas",
      "Ogres",
      "Preilu",
      "Rezekne",
      "Rezeknes",
      "Riga",
      "Rigas",
      "Saldus",
      "Talsu",
      "Tukuma",
      "Valkas",
      "Valmieras",
      "Ventspils",
      "Ventspils City"
    ]
  },
  {
    "country": "Libya",
    "states": [
      "Ajdabiya",
      "Fezzan",
      "Banghazi",
      "Darnah",
      "Ghadamis",
      "Gharyan",
      "Misratah",
      "Murzuq",
      "Sabha",
      "Sawfajjin",
      "Surt",
      "Tarabulus",
      "Tarhunah",
      "Tripolitania",
      "Tubruq",
      "Yafran",
      "Zlitan",
      "al-''Aziziyah",
      "al-Fatih",
      "al-Jabal al Akhdar",
      "al-Jufrah",
      "al-Khums",
      "al-Kufrah",
      "an-Nuqat al-Khams",
      "ash-Shati",
      "az-Zawiyah"
    ]
  },
  {
    "country": "Morocco",
    "states": [
      "Agadir",
      "Casablanca",
      "Chaouia-Ouardigha",
      "Doukkala-Abda",
      "Fes-Boulemane",
      "Gharb-Chrarda-Beni Hssen",
      "Guelmim",
      "Kenitra",
      "Marrakech-Tensift-Al Haouz",
      "Meknes-Tafilalet",
      "Oriental",
      "Oujda",
      "Province de Tanger",
      "Rabat-Sale-Zammour-Zaer",
      "Sala Al Jadida",
      "Settat",
      "Souss Massa-Draa",
      "Tadla-Azilal",
      "Tangier-Tetouan",
      "Taza-Al Hoceima-Taounate",
      "Wilaya de Casablanca",
      "Wilaya de Rabat-Sale"
    ]
  },
  {
    "country": "Monaco",
    "states": ["Fontvieille", "La Condamine", "Monaco-Ville", "Monte Carlo"]
  },
  {
    "country": "Moldova",
    "states": [
      "Balti",
      "Cahul",
      "Chisinau",
      "Chisinau Oras",
      "Edinet",
      "Gagauzia",
      "Lapusna",
      "Orhei",
      "Soroca",
      "Taraclia",
      "Tighina",
      "Transnistria",
      "Ungheni"
    ]
  },
  {
    "country": "Montenegro",
    "states": []
  },
  {
    "country": "Saint Martin",
    "states": []
  },
  {
    "country": "Madagascar",
    "states": [
      "Antananarivo",
      "Antsiranana",
      "Fianarantsoa",
      "Mahajanga",
      "Toamasina",
      "Toliary"
    ]
  },
  {
    "country": "Marshall Islands",
    "states": [
      "Ailinlaplap",
      "Ailuk",
      "Arno",
      "Aur",
      "Bikini",
      "Ebon",
      "Enewetak",
      "Jabat",
      "Jaluit",
      "Kili",
      "Kwajalein",
      "Lae",
      "Lib",
      "Likiep",
      "Majuro",
      "Maloelap",
      "Mejit",
      "Mili",
      "Namorik",
      "Namu",
      "Rongelap",
      "Ujae",
      "Utrik",
      "Wotho",
      "Wotje"
    ]
  },
  {
    "country": "Macedonia",
    "states": [
      "Berovo",
      "Bitola",
      "Brod",
      "Debar",
      "Delchevo",
      "Demir Hisar",
      "Gevgelija",
      "Gostivar",
      "Kavadarci",
      "Kichevo",
      "Kochani",
      "Kratovo",
      "Kriva Palanka",
      "Krushevo",
      "Kumanovo",
      "Negotino",
      "Ohrid",
      "Prilep",
      "Probishtip",
      "Radovish",
      "Resen",
      "Shtip",
      "Skopje",
      "Struga",
      "Strumica",
      "Sveti Nikole",
      "Tetovo",
      "Valandovo",
      "Veles",
      "Vinica"
    ]
  },
  {
    "country": "Mali",
    "states": [
      "Bamako",
      "Gao",
      "Kayes",
      "Kidal",
      "Koulikoro",
      "Mopti",
      "Segou",
      "Sikasso",
      "Tombouctou"
    ]
  },
  {
    "country": "Myanmar [Burma]",
    "states": [
      "Ayeyarwady",
      "Bago",
      "Chin",
      "Kachin",
      "Kayah",
      "Kayin",
      "Magway",
      "Mandalay",
      "Mon",
      "Nay Pyi Taw",
      "Rakhine",
      "Sagaing",
      "Shan",
      "Tanintharyi",
      "Yangon"
    ]
  },
  {
    "country": "Mongolia",
    "states": [
      "Arhangaj",
      "Bajan-Olgij",
      "Bajanhongor",
      "Bulgan",
      "Darhan-Uul",
      "Dornod",
      "Dornogovi",
      "Dundgovi",
      "Govi-Altaj",
      "Govisumber",
      "Hentij",
      "Hovd",
      "Hovsgol",
      "Omnogovi",
      "Orhon",
      "Ovorhangaj",
      "Selenge",
      "Suhbaatar",
      "Tov",
      "Ulaanbaatar",
      "Uvs",
      "Zavhan"
    ]
  },
  {
    "country": "Macao",
    "states": ["Macau"]
  },
  {
    "country": "Northern Mariana Islands",
    "states": ["Northern Islands", "Rota", "Saipan", "Tinian"]
  },
  {
    "country": "Martinique",
    "states": ["Fort-de-France", "La Trinite", "Le Marin", "Saint-Pierre"]
  },
  {
    "country": "Mauritania",
    "states": [
      "Adrar",
      "Assaba",
      "Brakna",
      "Dhakhlat Nawadibu",
      "Hudh-al-Gharbi",
      "Hudh-ash-Sharqi",
      "Inshiri",
      "Nawakshut",
      "Qidimagha",
      "Qurqul",
      "Taqant",
      "Tiris Zammur",
      "Trarza"
    ]
  },
  {
    "country": "Montserrat",
    "states": ["Montserrat"]
  },
  {
    "country": "Malta",
    "states": [
      "Gozo and Comino",
      "Inner Harbour",
      "Northern",
      "Outer Harbour",
      "South Eastern",
      "Valletta",
      "Western"
    ]
  },
  {
    "country": "Mauritius",
    "states": [
      "Black River",
      "Eau Coulee",
      "Flacq",
      "Floreal",
      "Grand Port",
      "Moka",
      "Pamplempousses",
      "Plaines Wilhelm",
      "Port Louis",
      "Riviere du Rempart",
      "Rodrigues",
      "Rose Hill",
      "Savanne"
    ]
  },
  {
    "country": "Maldives",
    "states": [
      "Alif Alif",
      "Alif Dhaal",
      "Baa",
      "Dhaal",
      "Faaf",
      "Gaaf Alif",
      "Gaaf Dhaal",
      "Ghaviyani",
      "Haa Alif",
      "Haa Dhaalu",
      "Kaaf",
      "Laam",
      "Lhaviyani",
      "Male",
      "Miim",
      "Nuun",
      "Raa",
      "Shaviyani",
      "Siin",
      "Thaa",
      "Vaav",
      "Upper North Province",
      "North Province",
      "North Central Province",
      "Central Province",
      "South Central Province",
      "Upper South Province",
      "South Province"
    ]
  },
  {
    "country": "Malawi",
    "states": [
      "Balaka",
      "Blantyre City",
      "Chikwawa",
      "Chiradzulu",
      "Chitipa",
      "Dedza",
      "Dowa",
      "Karonga",
      "Kasungu",
      "Lilongwe City",
      "Machinga",
      "Mangochi",
      "Mchinji",
      "Mulanje",
      "Mwanza",
      "Mzimba",
      "Mzuzu City",
      "Nkhata Bay",
      "Nkhotakota",
      "Nsanje",
      "Ntcheu",
      "Ntchisi",
      "Phalombe",
      "Rumphi",
      "Salima",
      "Thyolo",
      "Zomba Municipality"
    ]
  },
  {
    "country": "Mexico",
    "states": [
      "Aguascalientes",
      "Baja California",
      "Baja California Sur",
      "Campeche",
      "Chiapas",
      "Chihuahua",
      "Coahuila",
      "Colima",
      "Distrito Federal",
      "Durango",
      "Estado de Mexico",
      "Guanajuato",
      "Guerrero",
      "Hidalgo",
      "Jalisco",
      "Mexico",
      "Michoacan",
      "Morelos",
      "Nayarit",
      "Nuevo Leon",
      "Oaxaca",
      "Puebla",
      "Queretaro",
      "Quintana Roo",
      "San Luis Potosi",
      "Sinaloa",
      "Sonora",
      "Tabasco",
      "Tamaulipas",
      "Tlaxcala",
      "Veracruz",
      "Yucatan",
      "Zacatecas"
    ]
  },
  {
    "country": "Malaysia",
    "states": [
      "Johor",
      "Kedah",
      "Kelantan",
      "Kuala Lumpur",
      "Labuan",
      "Melaka",
      "Negeri Johor",
      "Negeri Sembilan",
      "Pahang",
      "Penang",
      "Perak",
      "Perlis",
      "Pulau Pinang",
      "Sabah",
      "Sarawak",
      "Selangor",
      "Sembilan",
      "Terengganu"
    ]
  },
  {
    "country": "Mozambique",
    "states": [
      "Cabo Delgado",
      "Gaza",
      "Inhambane",
      "Manica",
      "Maputo",
      "Maputo Provincia",
      "Nampula",
      "Niassa",
      "Sofala",
      "Tete",
      "Zambezia"
    ]
  },
  {
    "country": "Namibia",
    "states": [
      "Caprivi",
      "Erongo",
      "Hardap",
      "Karas",
      "Kavango",
      "Khomas",
      "Kunene",
      "Ohangwena",
      "Omaheke",
      "Omusati",
      "Oshana",
      "Oshikoto",
      "Otjozondjupa"
    ]
  },
  {
    "country": "New Caledonia",
    "states": ["Iles", "Nord", "Sud"]
  },
  {
    "country": "Niger",
    "states": [
      "Agadez",
      "Diffa",
      "Dosso",
      "Maradi",
      "Niamey",
      "Tahoua",
      "Tillabery",
      "Zinder"
    ]
  },
  {
    "country": "Norfolk Island",
    "states": ["Norfolk Island"]
  },
  {
    "country": "Nigeria",
    "states": [
      "Abia",
      "Abuja (Federal Capital Territory)",
      "Adamawa",
      "Akwa Ibom",
      "Anambra",
      "Bauchi",
      "Bayelsa",
      "Benue",
      "Borno",
      "Cross River",
      "Delta",
      "Ebonyi",
      "Edo",
      "Ekiti",
      "Enugu",
      "Gombe",
      "Imo",
      "Jigawa",
      "Kaduna",
      "Kano",
      "Katsina",
      "Kebbi",
      "Kogi",
      "Kwara",
      "Lagos",
      "Nassarawa",
      "Niger",
      "Ogun",
      "Ondo",
      "Osun",
      "Oyo",
      "Plateau",
      "Rivers",
      "Sokoto",
      "Taraba",
      "Yobe",
      "Zamfara"
    ]
  },
  {
    "country": "Nicaragua",
    "states": [
      "Atlantico Norte",
      "Atlantico Sur",
      "Boaco",
      "Carazo",
      "Chinandega",
      "Chontales",
      "Esteli",
      "Granada",
      "Jinotega",
      "Leon",
      "Madriz",
      "Managua",
      "Masaya",
      "Matagalpa",
      "Nueva Segovia",
      "Rio San Juan",
      "Rivas"
    ]
  },
  {
    "country": "Netherlands",
    "states": [
      "Amsterdam",
      "Benelux",
      "Drenthe",
      "Flevoland",
      "Friesland",
      "Gelderland",
      "Groningen",
      "Limburg",
      "Noord-Brabant",
      "Noord-Holland",
      "Overijssel",
      "South Holland",
      "Utrecht",
      "Zeeland",
      "Zuid-Holland"
    ]
  },
  {
    "country": "Norway",
    "states": [
      "Akershus",
      "Aust Agder",
      "Bergen",
      "Buskerud",
      "Finnmark",
      "Hedmark",
      "Hordaland",
      "Moere og Romsdal",
      "Nord Trondelag",
      "Nordland",
      "Oestfold",
      "Oppland",
      "Oslo",
      "Rogaland",
      "Soer Troendelag",
      "Sogn og Fjordane",
      "Stavern",
      "Sykkylven",
      "Telemark",
      "Troms",
      "Vest Agder",
      "Vestfold",
      "Østfold"
    ]
  },
  {
    "country": "Nepal",
    "states": [
      "Bagmati",
      "Bheri",
      "Dhawalagiri",
      "Gandaki",
      "Janakpur",
      "Karnali",
      "Koshi",
      "Lumbini",
      "Mahakali",
      "Mechi",
      "Narayani",
      "Rapti",
      "Sagarmatha",
      "Seti"
    ]
  },
  {
    "country": "Nauru",
    "states": ["Yaren"]
  },
  {
    "country": "Niue",
    "states": ["Niue"]
  },
  {
    "country": "New Zealand",
    "states": [
      "Auckland",
      "Area Outside Region",
      "Bay of Plenty",
      "Canterbury",
      "Christchurch",
      "Gisborne",
      "Hawke''s Bay",
      "Manawatu-Wanganui",
      "Marlborough",
      "Nelson",
      "Northland",
      "Otago",
      "Rodney",
      "Southland",
      "Taranaki",
      "Tasman",
      "Waikato",
      "Wellington",
      "West Coast"
    ]
  },
  {
    "country": "Oman",
    "states": [
      "Al Buraimi",
      "Dhufar",
      "Masqat",
      "Musandam",
      "Rusayl",
      "Wadi Kabir",
      "ad-Dakhiliyah",
      "adh-Dhahirah",
      "al-Batinah",
      "ash-Sharqiyah"
    ]
  },
  {
    "country": "Panama",
    "states": [
      "Bocas del Toro",
      "Chiriqui",
      "Cocle",
      "Colon",
      "Darien",
      "Embera",
      "Herrera",
      "Kuna Yala",
      "Los Santos",
      "Ngobe Bugle",
      "Panama",
      "Veraguas"
    ]
  },
  {
    "country": "Peru",
    "states": [
      "Amazonas",
      "Ancash",
      "Apurimac",
      "Arequipa",
      "Ayacucho",
      "Cajamarca",
      "Cusco",
      "Huancavelica",
      "Huanuco",
      "Ica",
      "Junin",
      "La Libertad",
      "Lambayeque",
      "Lima y Callao",
      "Loreto",
      "Madre de Dios",
      "Moquegua",
      "Pasco",
      "Piura",
      "Puno",
      "San Martin",
      "Tacna",
      "Tumbes",
      "Ucayali"
    ]
  },
  {
    "country": "French Polynesia",
    "states": [
      "Iles du Vent",
      "Iles sous le Vent",
      "Marquesas",
      "Tuamotu",
      "Tubuai"
    ]
  },
  {
    "country": "Papua New Guinea",
    "states": [
      "East New Britain",
      "East Sepik",
      "Eastern Highlands",
      "Enga",
      "Fly River",
      "Gulf",
      "Madang",
      "Manus",
      "Milne Bay",
      "Morobe",
      "National Capital District",
      "New Ireland",
      "North Solomons",
      "Oro",
      "Sandaun",
      "Simbu",
      "Southern Highlands",
      "West New Britain",
      "Western Highlands"
    ]
  },
  {
    "country": "Philippines",
    "states": [
      "Batangas",
      "Bicol",
      "Bulacan",
      "Cagayan",
      "Caraga",
      "Central Luzon",
      "Central Mindanao",
      "Central Visayas",
      "Cordillera",
      "Davao",
      "Eastern Visayas",
      "Greater Metropolitan Area",
      "Ilocos",
      "Laguna",
      "Luzon",
      "Mactan",
      "Metropolitan Manila Area",
      "Muslim Mindanao",
      "Northern Mindanao",
      "Southern Mindanao",
      "Southern Tagalog",
      "Western Mindanao",
      "Western Visayas"
    ]
  },
  {
    "country": "Pakistan",
    "states": [
      "Baluchistan",
      "Federal Capital Area",
      "Federally administered Tribal",
      "North-West Frontier",
      "Northern Areas",
      "Punjab",
      "Sind"
    ]
  },
  {
    "country": "Poland",
    "states": [
      "Biale Blota",
      "Dobroszyce",
      "Dolnoslaskie",
      "Dziekanow Lesny",
      "Hopowo",
      "Kartuzy",
      "Koscian",
      "Krakow",
      "Kujawsko-Pomorskie",
      "Lodzkie",
      "Lubelskie",
      "Lubuskie",
      "Malomice",
      "Malopolskie",
      "Mazowieckie",
      "Mirkow",
      "Opolskie",
      "Ostrowiec",
      "Podkarpackie",
      "Podlaskie",
      "Polska",
      "Pomorskie",
      "Poznan",
      "Pruszkow",
      "Rymanowska",
      "Rzeszow",
      "Slaskie",
      "Stare Pole",
      "Swietokrzyskie",
      "Warminsko-Mazurskie",
      "Warsaw",
      "Wejherowo",
      "Wielkopolskie",
      "Wroclaw",
      "Zachodnio-Pomorskie",
      "Zukowo"
    ]
  },
  {
    "country": "Saint Pierre and Miquelon",
    "states": ["Miquelon-Langlade", "Saint-Pierre"]
  },
  {
    "country": "Pitcairn Islands",
    "states": ["Pitcairn Island"]
  },
  {
    "country": "Puerto Rico",
    "states": [
      "Arecibo",
      "Bayamon",
      "Carolina",
      "Florida",
      "Guayama",
      "Humacao",
      "Mayaguez-Aguadilla",
      "Ponce",
      "Salinas",
      "San Juan"
    ]
  },
  {
    "country": "Palestine",
    "states": [
      "Ariha",
      "Bayt Lahm",
      "Bethlehem",
      "Dayr-al-Balah",
      "Ghazzah",
      "Ghazzah ash-Shamaliyah",
      "Janin",
      "Khan Yunis",
      "Nabulus",
      "Qalqilyah",
      "Rafah",
      "Ram Allah wal-Birah",
      "Salfit",
      "Tubas",
      "Tulkarm",
      "al-Khalil",
      "al-Quds"
    ]
  },
  {
    "country": "Portugal",
    "states": [
      "Abrantes",
      "Acores",
      "Alentejo",
      "Algarve",
      "Braga",
      "Centro",
      "Distrito de Leiria",
      "Distrito de Viana do Castelo",
      "Distrito de Vila Real",
      "Distrito do Porto",
      "Lisboa e Vale do Tejo",
      "Madeira",
      "Norte",
      "Paivas"
    ]
  },
  {
    "country": "Palau",
    "states": [
      "Aimeliik",
      "Airai",
      "Angaur",
      "Hatobohei",
      "Kayangel",
      "Koror",
      "Melekeok",
      "Ngaraard",
      "Ngardmau",
      "Ngaremlengui",
      "Ngatpang",
      "Ngchesar",
      "Ngerchelong",
      "Ngiwal",
      "Peleliu",
      "Sonsorol"
    ]
  },
  {
    "country": "Paraguay",
    "states": [
      "Alto Paraguay",
      "Alto Parana",
      "Amambay",
      "Asuncion",
      "Boqueron",
      "Caaguazu",
      "Caazapa",
      "Canendiyu",
      "Central",
      "Concepcion",
      "Cordillera",
      "Guaira",
      "Itapua",
      "Misiones",
      "Neembucu",
      "Paraguari",
      "Presidente Hayes",
      "San Pedro"
    ]
  },
  {
    "country": "Qatar",
    "states": [
      "Doha",
      "Jarian-al-Batnah",
      "Umm Salal",
      "ad-Dawhah",
      "al-Ghuwayriyah",
      "al-Jumayliyah",
      "al-Khawr",
      "al-Wakrah",
      "ar-Rayyan",
      "ash-Shamal"
    ]
  },
  {
    "country": "Réunion",
    "states": ["Saint-Benoit", "Saint-Denis", "Saint-Paul", "Saint-Pierre"]
  },
  {
    "country": "Romania",
    "states": [
      "Alba",
      "Arad",
      "Arges",
      "Bacau",
      "Bihor",
      "Bistrita-Nasaud",
      "Botosani",
      "Braila",
      "Brasov",
      "Bucuresti",
      "Buzau",
      "Calarasi",
      "Caras-Severin",
      "Cluj",
      "Constanta",
      "Covasna",
      "Dambovita",
      "Dolj",
      "Galati",
      "Giurgiu",
      "Gorj",
      "Harghita",
      "Hunedoara",
      "Ialomita",
      "Iasi",
      "Ilfov",
      "Maramures",
      "Mehedinti",
      "Mures",
      "Neamt",
      "Olt",
      "Prahova",
      "Salaj",
      "Satu Mare",
      "Sibiu",
      "Sondelor",
      "Suceava",
      "Teleorman",
      "Timis",
      "Tulcea",
      "Valcea",
      "Vaslui",
      "Vrancea"
    ]
  },
  {
    "country": "Serbia",
    "states": ["Central Serbia", "Kosovo and Metohija", "Vojvodina"]
  },
  {
    "country": "Russia",
    "states": [
      "Adygeja",
      "Aga",
      "Alanija",
      "Altaj",
      "Amur",
      "Arhangelsk",
      "Astrahan",
      "Bashkortostan",
      "Belgorod",
      "Brjansk",
      "Burjatija",
      "Chechenija",
      "Cheljabinsk",
      "Chita",
      "Chukotka",
      "Chuvashija",
      "Dagestan",
      "Evenkija",
      "Gorno-Altaj",
      "Habarovsk",
      "Hakasija",
      "Hanty-Mansija",
      "Ingusetija",
      "Irkutsk",
      "Ivanovo",
      "Jamalo-Nenets",
      "Jaroslavl",
      "Jevrej",
      "Kabardino-Balkarija",
      "Kaliningrad",
      "Kalmykija",
      "Kaluga",
      "Kamchatka",
      "Karachaj-Cherkessija",
      "Karelija",
      "Kemerovo",
      "Khabarovskiy Kray",
      "Kirov",
      "Komi",
      "Komi-Permjakija",
      "Korjakija",
      "Kostroma",
      "Krasnodar",
      "Krasnojarsk",
      "Krasnoyarskiy Kray",
      "Kurgan",
      "Kursk",
      "Leningrad",
      "Lipeck",
      "Magadan",
      "Marij El",
      "Mordovija",
      "Moscow",
      "Moskovskaja Oblast",
      "Moskovskaya Oblast",
      "Moskva",
      "Murmansk",
      "Nenets",
      "Nizhnij Novgorod",
      "Novgorod",
      "Novokusnezk",
      "Novosibirsk",
      "Omsk",
      "Orenburg",
      "Orjol",
      "Penza",
      "Perm",
      "Primorje",
      "Pskov",
      "Pskovskaya Oblast",
      "Rjazan",
      "Rostov",
      "Saha",
      "Sahalin",
      "Samara",
      "Samarskaya",
      "Sankt-Peterburg",
      "Saratov",
      "Smolensk",
      "Stavropol",
      "Sverdlovsk",
      "Tajmyrija",
      "Tambov",
      "Tatarstan",
      "Tjumen",
      "Tomsk",
      "Tula",
      "Tver",
      "Tyva",
      "Udmurtija",
      "Uljanovsk",
      "Ulyanovskaya Oblast",
      "Ust-Orda",
      "Vladimir",
      "Volgograd",
      "Vologda",
      "Voronezh"
    ]
  },
  {
    "country": "Rwanda",
    "states": [
      "Butare",
      "Byumba",
      "Cyangugu",
      "Gikongoro",
      "Gisenyi",
      "Gitarama",
      "Kibungo",
      "Kibuye",
      "Kigali-ngali",
      "Ruhengeri"
    ]
  },
  {
    "country": "Saudi Arabia",
    "states": [
      "Al Khobar",
      "Aseer",
      "Ash Sharqiyah",
      "Asir",
      "Central Province",
      "Eastern Province",
      "Ha''il",
      "Jawf",
      "Jizan",
      "Makkah",
      "Najran",
      "Qasim",
      "Tabuk",
      "Western Province",
      "al-Bahah",
      "al-Hudud-ash-Shamaliyah",
      "al-Madinah",
      "ar-Riyad"
    ]
  },
  {
    "country": "Solomon Islands",
    "states": [
      "Central",
      "Choiseul",
      "Guadalcanal",
      "Isabel",
      "Makira and Ulawa",
      "Malaita",
      "Rennell and Bellona",
      "Temotu",
      "Western"
    ]
  },
  {
    "country": "Seychelles",
    "states": ["Anse Boileau", "Anse Royale", "Cascade", "Takamaka", "Victoria"]
  },
  {
    "country": "Sudan",
    "states": [
      "A''ali-an-Nil",
      "Bahr-al-Jabal",
      "Central Equatoria",
      "Gharb Bahr-al-Ghazal",
      "Gharb Darfur",
      "Gharb Kurdufan",
      "Gharb-al-Istiwa''iyah",
      "Janub Darfur",
      "Janub Kurdufan",
      "Junqali",
      "Kassala",
      "Nahr-an-Nil",
      "Shamal Bahr-al-Ghazal",
      "Shamal Darfur",
      "Shamal Kurdufan",
      "Sharq-al-Istiwa''iyah",
      "Sinnar",
      "Warab",
      "Wilayat al Khartum",
      "al-Bahr-al-Ahmar",
      "al-Buhayrat",
      "al-Jazirah",
      "al-Khartum",
      "al-Qadarif",
      "al-Wahdah",
      "an-Nil-al-Abyad",
      "an-Nil-al-Azraq",
      "ash-Shamaliyah"
    ]
  },
  {
    "country": "Sweden",
    "states": [
      "Alvsborgs Lan",
      "Angermanland",
      "Blekinge",
      "Bohuslan",
      "Dalarna",
      "Gavleborg",
      "Gaza",
      "Gotland",
      "Halland",
      "Jamtland",
      "Jonkoping",
      "Kalmar",
      "Kristianstads",
      "Kronoberg",
      "Norrbotten",
      "Orebro",
      "Ostergotland",
      "Saltsjo-Boo",
      "Skane",
      "Smaland",
      "Sodermanland",
      "Stockholm",
      "Uppsala",
      "Varmland",
      "Vasterbotten",
      "Vastergotland",
      "Vasternorrland",
      "Vastmanland",
      "Vastra Gotaland"
    ]
  },
  {
    "country": "Singapore",
    "states": ["Singapore"]
  },
  {
    "country": "Saint Helena",
    "states": ["Ascension", "Gough Island", "Saint Helena", "Tristan da Cunha"]
  },
  {
    "country": "Slovenia",
    "states": [
      "Benedikt",
      "Gorenjska",
      "Gorishka",
      "Jugovzhodna Slovenija",
      "Koroshka",
      "Notranjsko-krashka",
      "Obalno-krashka",
      "Obcina Domzale",
      "Obcina Vitanje",
      "Osrednjeslovenska",
      "Podravska",
      "Pomurska",
      "Savinjska",
      "Slovenian Littoral",
      "Spodnjeposavska",
      "Zasavska"
    ]
  },
  {
    "country": "Svalbard and Jan Mayen",
    "states": ["Svalbard"]
  },
  {
    "country": "Slovakia",
    "states": [
      "Banskobystricky",
      "Bratislavsky",
      "Kosicky",
      "Nitriansky",
      "Presovsky",
      "Trenciansky",
      "Trnavsky",
      "Zilinsky"
    ]
  },
  {
    "country": "Sierra Leone",
    "states": ["Eastern", "Northern", "Southern", "Western"]
  },
  {
    "country": "San Marino",
    "states": [
      "Acquaviva",
      "Borgo Maggiore",
      "Chiesanuova",
      "Domagnano",
      "Faetano",
      "Fiorentino",
      "Montegiardino",
      "San Marino",
      "Serravalle"
    ]
  },
  {
    "country": "Senegal",
    "states": [
      "Dakar",
      "Diourbel",
      "Fatick",
      "Kaolack",
      "Kolda",
      "Louga",
      "Saint-Louis",
      "Tambacounda",
      "Thies",
      "Ziguinchor"
    ]
  },
  {
    "country": "Somalia",
    "states": [
      "Awdal",
      "Bakol",
      "Banadir",
      "Bari",
      "Bay",
      "Galgudug",
      "Gedo",
      "Hiran",
      "Jubbada Hose",
      "Jubbadha Dexe",
      "Mudug",
      "Nugal",
      "Sanag",
      "Shabellaha Dhexe",
      "Shabellaha Hose",
      "Togdher",
      "Woqoyi Galbed"
    ]
  },
  {
    "country": "Suriname",
    "states": [
      "Brokopondo",
      "Commewijne",
      "Coronie",
      "Marowijne",
      "Nickerie",
      "Para",
      "Paramaribo",
      "Saramacca",
      "Wanica"
    ]
  },
  {
    "country": "South Sudan",
    "states": ["Central Equatoria"]
  },
  {
    "country": "São Tomé and Príncipe",
    "states": [
      "Agua Grande",
      "Cantagalo",
      "Lemba",
      "Lobata",
      "Me-Zochi",
      "Pague"
    ]
  },
  {
    "country": "El Salvador",
    "states": [
      "Ahuachapan",
      "Cabanas",
      "Chalatenango",
      "Cuscatlan",
      "La Libertad",
      "La Paz",
      "La Union",
      "Morazan",
      "San Miguel",
      "San Salvador",
      "San Vicente",
      "Santa Ana",
      "Sonsonate",
      "Usulutan"
    ]
  },
  {
    "country": "Sint Maarten",
    "states": []
  },
  {
    "country": "Syria",
    "states": [
      "Aleppo",
      "Dar''a",
      "Dayr-az-Zawr",
      "Dimashq",
      "Halab",
      "Hamah",
      "Hims",
      "Idlib",
      "Madinat Dimashq",
      "Tartus",
      "al-Hasakah",
      "al-Ladhiqiyah",
      "al-Qunaytirah",
      "ar-Raqqah",
      "as-Suwayda"
    ]
  },
  {
    "country": "Swaziland",
    "states": ["Hhohho", "Lubombo", "Manzini", "Shiselweni"]
  },
  {
    "country": "Turks and Caicos Islands",
    "states": ["Grand Turk", "South Caicos and East Caicos"]
  },
  {
    "country": "Chad",
    "states": [
      "Batha",
      "Biltine",
      "Bourkou-Ennedi-Tibesti",
      "Chari-Baguirmi",
      "Guera",
      "Kanem",
      "Lac",
      "Logone Occidental",
      "Logone Oriental",
      "Mayo-Kebbi",
      "Moyen-Chari",
      "Ouaddai",
      "Salamat",
      "Tandjile"
    ]
  },
  {
    "country": "French Southern Territories",
    "states": ["Amsterdam", "Crozet Islands", "Kerguelen"]
  },
  {
    "country": "Togo",
    "states": ["Centre", "Kara", "Maritime", "Plateaux", "Savanes"]
  },
  {
    "country": "Thailand",
    "states": [
      "Amnat Charoen",
      "Ang Thong",
      "Bangkok",
      "Buri Ram",
      "Chachoengsao",
      "Chai Nat",
      "Chaiyaphum",
      "Changwat Chaiyaphum",
      "Chanthaburi",
      "Chiang Mai",
      "Chiang Rai",
      "Chon Buri",
      "Chumphon",
      "Kalasin",
      "Kamphaeng Phet",
      "Kanchanaburi",
      "Khon Kaen",
      "Krabi",
      "Krung Thep",
      "Lampang",
      "Lamphun",
      "Loei",
      "Lop Buri",
      "Mae Hong Son",
      "Maha Sarakham",
      "Mukdahan",
      "Nakhon Nayok",
      "Nakhon Pathom",
      "Nakhon Phanom",
      "Nakhon Ratchasima",
      "Nakhon Sawan",
      "Nakhon Si Thammarat",
      "Nan",
      "Narathiwat",
      "Nong Bua Lam Phu",
      "Nong Khai",
      "Nonthaburi",
      "Pathum Thani",
      "Pattani",
      "Phangnga",
      "Phatthalung",
      "Phayao",
      "Phetchabun",
      "Phetchaburi",
      "Phichit",
      "Phitsanulok",
      "Phra Nakhon Si Ayutthaya",
      "Phrae",
      "Phuket",
      "Prachin Buri",
      "Prachuap Khiri Khan",
      "Ranong",
      "Ratchaburi",
      "Rayong",
      "Roi Et",
      "Sa Kaeo",
      "Sakon Nakhon",
      "Samut Prakan",
      "Samut Sakhon",
      "Samut Songkhran",
      "Saraburi",
      "Satun",
      "Si Sa Ket",
      "Sing Buri",
      "Songkhla",
      "Sukhothai",
      "Suphan Buri",
      "Surat Thani",
      "Surin",
      "Tak",
      "Trang",
      "Trat",
      "Ubon Ratchathani",
      "Udon Thani",
      "Uthai Thani",
      "Uttaradit",
      "Yala",
      "Yasothon"
    ]
  },
  {
    "country": "Tajikistan",
    "states": ["Dushanbe", "Gorno-Badakhshan", "Karotegin", "Khatlon", "Sughd"]
  },
  {
    "country": "Tokelau",
    "states": ["Atafu", "Fakaofo", "Nukunonu"]
  },
  {
    "country": "East Timor",
    "states": []
  },
  {
    "country": "Turkmenistan",
    "states": ["Ahal", "Asgabat", "Balkan", "Dasoguz", "Lebap", "Mari"]
  },
  {
    "country": "Tunisia",
    "states": [
      "Aryanah",
      "Bajah",
      "Bin ''Arus",
      "Binzart",
      "Gouvernorat de Ariana",
      "Gouvernorat de Nabeul",
      "Gouvernorat de Sousse",
      "Hammamet Yasmine",
      "Jundubah",
      "Madaniyin",
      "Manubah",
      "Monastir",
      "Nabul",
      "Qabis",
      "Qafsah",
      "Qibili",
      "Safaqis",
      "Sfax",
      "Sidi Bu Zayd",
      "Silyanah",
      "Susah",
      "Tatawin",
      "Tawzar",
      "Tunis",
      "Zaghwan",
      "al-Kaf",
      "al-Mahdiyah",
      "al-Munastir",
      "al-Qasrayn",
      "al-Qayrawan"
    ]
  },
  {
    "country": "Tonga",
    "states": ["Eua", "Ha''apai", "Niuas", "Tongatapu", "Vava''u"]
  },
  {
    "country": "Turkey",
    "states": [
      "Adana",
      "Adiyaman",
      "Afyon",
      "Agri",
      "Aksaray",
      "Amasya",
      "Ankara",
      "Antalya",
      "Ardahan",
      "Artvin",
      "Aydin",
      "Balikesir",
      "Bartin",
      "Batman",
      "Bayburt",
      "Bilecik",
      "Bingol",
      "Bitlis",
      "Bolu",
      "Burdur",
      "Bursa",
      "Canakkale",
      "Cankiri",
      "Corum",
      "Denizli",
      "Diyarbakir",
      "Duzce",
      "Edirne",
      "Elazig",
      "Erzincan",
      "Erzurum",
      "Eskisehir",
      "Gaziantep",
      "Giresun",
      "Gumushane",
      "Hakkari",
      "Hatay",
      "Icel",
      "Igdir",
      "Isparta",
      "Istanbul",
      "Izmir",
      "Kahramanmaras",
      "Karabuk",
      "Karaman",
      "Kars",
      "Karsiyaka",
      "Kastamonu",
      "Kayseri",
      "Kilis",
      "Kirikkale",
      "Kirklareli",
      "Kirsehir",
      "Kocaeli",
      "Konya",
      "Kutahya",
      "Lefkosa",
      "Malatya",
      "Manisa",
      "Mardin",
      "Mugla",
      "Mus",
      "Nevsehir",
      "Nigde",
      "Ordu",
      "Osmaniye",
      "Rize",
      "Sakarya",
      "Samsun",
      "Sanliurfa",
      "Siirt",
      "Sinop",
      "Sirnak",
      "Sivas",
      "Tekirdag",
      "Tokat",
      "Trabzon",
      "Tunceli",
      "Usak",
      "Van",
      "Yalova",
      "Yozgat",
      "Zonguldak"
    ]
  },
  {
    "country": "Trinidad and Tobago",
    "states": [
      "Arima-Tunapuna-Piarco",
      "Caroni",
      "Chaguanas",
      "Couva-Tabaquite-Talparo",
      "Diego Martin",
      "Glencoe",
      "Penal Debe",
      "Point Fortin",
      "Port of Spain",
      "Princes Town",
      "Saint George",
      "San Fernando",
      "San Juan",
      "Sangre Grande",
      "Siparia",
      "Tobago"
    ]
  },
  {
    "country": "Tuvalu",
    "states": [
      "Funafuti",
      "Nanumanga",
      "Nanumea",
      "Niutao",
      "Nui",
      "Nukufetau",
      "Nukulaelae",
      "Vaitupu"
    ]
  },
  {
    "country": "Taiwan",
    "states": [
      "Changhwa",
      "Chiayi Hsien",
      "Chiayi Shih",
      "Eastern Taipei",
      "Hsinchu Hsien",
      "Hsinchu Shih",
      "Hualien",
      "Ilan",
      "Kaohsiung Hsien",
      "Kaohsiung Shih",
      "Keelung Shih",
      "Kinmen",
      "Miaoli",
      "Nantou",
      "Northern Taiwan",
      "Penghu",
      "Pingtung",
      "Taichung",
      "Taichung Hsien",
      "Taichung Shih",
      "Tainan Hsien",
      "Tainan Shih",
      "Taipei Hsien",
      "Taipei Shih / Taipei Hsien",
      "Taitung",
      "Taoyuan",
      "Yilan",
      "Yun-Lin Hsien",
      "Yunlin"
    ]
  },
  {
    "country": "Tanzania",
    "states": [
      "Arusha",
      "Dar es Salaam",
      "Dodoma",
      "Iringa",
      "Kagera",
      "Kigoma",
      "Kilimanjaro",
      "Lindi",
      "Mara",
      "Mbeya",
      "Morogoro",
      "Mtwara",
      "Mwanza",
      "Pwani",
      "Rukwa",
      "Ruvuma",
      "Shinyanga",
      "Singida",
      "Tabora",
      "Tanga",
      "Zanzibar and Pemba"
    ]
  },
  {
    "country": "Ukraine",
    "states": [
      "Cherkas''ka",
      "Chernihivs''ka",
      "Chernivets''ka",
      "Crimea",
      "Dnipropetrovska",
      "Donets''ka",
      "Ivano-Frankivs''ka",
      "Kharkiv",
      "Kharkov",
      "Khersonska",
      "Khmel''nyts''ka",
      "Kirovohrad",
      "Krym",
      "Kyyiv",
      "Kyyivs''ka",
      "L''vivs''ka",
      "Luhans''ka",
      "Mykolayivs''ka",
      "Odes''ka",
      "Odessa",
      "Poltavs''ka",
      "Rivnens''ka",
      "Sevastopol",
      "Sums''ka",
      "Ternopil''s''ka",
      "Volyns''ka",
      "Vynnyts''ka",
      "Zakarpats''ka",
      "Zaporizhia",
      "Zhytomyrs''ka"
    ]
  },
  {
    "country": "Uganda",
    "states": ["Central", "Eastern", "Northern", "Western"]
  },
  {
    "country": "U.S. Minor Outlying Islands",
    "states": ["United States Minor Outlying I"]
  },
  {
    "country": "Uruguay",
    "states": [
      "Artigas",
      "Canelones",
      "Cerro Largo",
      "Colonia",
      "Durazno",
      "FLorida",
      "Flores",
      "Lavalleja",
      "Maldonado",
      "Montevideo",
      "Paysandu",
      "Rio Negro",
      "Rivera",
      "Rocha",
      "Salto",
      "San Jose",
      "Soriano",
      "Tacuarembo",
      "Treinta y Tres"
    ]
  },
  {
    "country": "Uzbekistan",
    "states": [
      "Andijon",
      "Buhoro",
      "Buxoro Viloyati",
      "Cizah",
      "Fargona",
      "Horazm",
      "Kaskadar",
      "Korakalpogiston",
      "Namangan",
      "Navoi",
      "Samarkand",
      "Sirdare",
      "Surhondar",
      "Toskent"
    ]
  },
  {
    "country": "Vatican City",
    "states": ["Vatican City State (Holy See)"]
  },
  {
    "country": "Saint Vincent and the Grenadines",
    "states": [
      "Charlotte",
      "Grenadines",
      "Saint Andrew",
      "Saint David",
      "Saint George",
      "Saint Patrick"
    ]
  },
  {
    "country": "Venezuela",
    "states": [
      "Amazonas",
      "Anzoategui",
      "Apure",
      "Aragua",
      "Barinas",
      "Bolivar",
      "Carabobo",
      "Cojedes",
      "Delta Amacuro",
      "Distrito Federal",
      "Falcon",
      "Guarico",
      "Lara",
      "Merida",
      "Miranda",
      "Monagas",
      "Nueva Esparta",
      "Portuguesa",
      "Sucre",
      "Tachira",
      "Trujillo",
      "Vargas",
      "Yaracuy",
      "Zulia"
    ]
  },
  {
    "country": "British Virgin Islands",
    "states": ["Anegada", "Jost van Dyke", "Tortola"]
  },
  {
    "country": "U.S. Virgin Islands",
    "states": ["Saint Croix", "Saint John", "Saint Thomas"]
  },
  {
    "country": "Vietnam",
    "states": [
      "Bac Giang",
      "Binh Dinh",
      "Binh Duong",
      "Da Nang",
      "Dong Bang Song Cuu Long",
      "Dong Bang Song Hong",
      "Dong Nai",
      "Dong Nam Bo",
      "Duyen Hai Mien Trung",
      "Hanoi",
      "Hung Yen",
      "Khu Bon Cu",
      "Long An",
      "Mien Nui Va Trung Du",
      "Thai Nguyen",
      "Thanh Pho Ho Chi Minh",
      "Thu Do Ha Noi",
      "Tinh Can Tho",
      "Tinh Da Nang",
      "Tinh Gia Lai"
    ]
  },
  {
    "country": "Vanuatu",
    "states": ["Malampa", "Penama", "Sanma", "Shefa", "Tafea", "Torba"]
  },
  {
    "country": "Wallis and Futuna",
    "states": ["Alo", "Singave", "Wallis"]
  },
  {
    "country": "Samoa",
    "states": [
      "A''ana",
      "Aiga-i-le-Tai",
      "Atua",
      "Fa''asaleleaga",
      "Gaga''emauga",
      "Gagaifomauga",
      "Palauli",
      "Satupa''itea",
      "Tuamasaga",
      "Va''a-o-Fonoti",
      "Vaisigano"
    ]
  },
  {
    "country": "Kosovo",
    "states": []
  },
  {
    "country": "Yemen",
    "states": [
      "Adan",
      "Abyan",
      "Dhamar",
      "Hadramaut",
      "Hajjah",
      "Hudaydah",
      "Ibb",
      "Lahij",
      "Ma''rib",
      "Madinat San''a",
      "Sa''dah",
      "Sana",
      "Shabwah",
      "Ta''izz",
      "al-Bayda",
      "al-Hudaydah",
      "al-Jawf",
      "al-Mahrah",
      "al-Mahwit"
    ]
  },
  {
    "country": "Mayotte",
    "states": ["Mayotte", "Pamanzi"]
  },
  {
    "country": "South Africa",
    "states": [
      "Eastern Cape",
      "Free State",
      "Gauteng",
      "Kempton Park",
      "Kramerville",
      "KwaZulu Natal",
      "Limpopo",
      "Mpumalanga",
      "North West",
      "Northern Cape",
      "Parow",
      "Table View",
      "Umtentweni",
      "Western Cape"
    ]
  },
  {
    "country": "Zambia",
    "states": [
      "Central",
      "Copperbelt",
      "Eastern",
      "Luapala",
      "Lusaka",
      "North-Western",
      "Northern",
      "Southern",
      "Western"
    ]
  },
  {
    "country": "Zimbabwe",
    "states": [
      "Bulawayo",
      "Harare",
      "Manicaland",
      "Mashonaland Central",
      "Mashonaland East",
      "Mashonaland West",
      "Masvingo",
      "Matabeleland North",
      "Matabeleland South",
      "Midlands"
    ]
  }
]
